country,species,year,biomass,ISO3
Afghanistan,Bovine,2018,1519145327,AFG
Afghanistan,Swine,2018,0,AFG
Afghanistan,Poultry,2018,41532857,AFG
Afghanistan,Equidae,2018,580247767,AFG
Afghanistan,Goats,2018,323332738,AFG
Afghanistan,Sheep,2018,1014552641,AFG
Afghanistan,Hares / rabbits,2018,0,AFG
Afghanistan,Camelidae,2018,77543550,AFG
Afghanistan,Cervidae,2018,0,AFG
Afghanistan,All,2014,2775675753,AFG
Afghanistan,All,2015,2778401929,AFG
Afghanistan,All,2016,4741685109,AFG
Afghanistan,All,2017,4791566275,AFG
Afghanistan,All,2018,3564304881,AFG
Albania,Bovine,2018,279985917,ALB
Albania,Swine,2018,17204196,ALB
Albania,Poultry,2018,22267143,ALB
Albania,Equidae,2018,1790397,ALB
Albania,Goats,2018,59887674,ALB
Albania,Sheep,2018,180084693,ALB
Albania,Hares / rabbits,2018,0,ALB
Albania,Camelidae,2018,0,ALB
Albania,Cervidae,2018,0,ALB
Albania,All,2014,292576442,ALB
Albania,All,2015,304740122,ALB
Albania,All,2016,297737336,ALB
Albania,All,2017,317488995,ALB
Albania,All,2018,567478020,ALB
Algeria,Bovine,2018,632661424,DZA
Algeria,Swine,2018,243482,DZA
Algeria,Poultry,2018,408507143,DZA
Algeria,Equidae,2018,29670799,DZA
Algeria,Goats,2018,175498377,DZA
Algeria,Sheep,2018,1999640944,DZA
Algeria,Hares / rabbits,2018,31797925,DZA
Algeria,Camelidae,2018,187794900,DZA
Algeria,Cervidae,2018,0,DZA
Algeria,All,2014,3345830747,DZA
Algeria,All,2015,3440169735,DZA
Algeria,All,2016,3184503952,DZA
Algeria,All,2017,3383536414,DZA
Algeria,All,2018,3469186994,DZA
Andorra,Bovine,2018,995065,AND
Andorra,Swine,2018,0,AND
Andorra,Poultry,2018,0,AND
Andorra,Equidae,2018,231917,AND
Andorra,Goats,2018,0,AND
Andorra,Sheep,2018,0,AND
Andorra,Hares / rabbits,2018,0,AND
Andorra,Camelidae,2018,900,AND
Andorra,Cervidae,2018,1520,AND
Andorra,All,2014,1038897,AND
Andorra,All,2015,953417,AND
Andorra,All,2016,989239,AND
Andorra,All,2017,297896,AND
Andorra,All,2018,1241403,AND
Angola,Bovine,2018,896222028,AGO
Angola,Swine,2018,229792662,AGO
Angola,Poultry,2018,59095714,AGO
Angola,Equidae,2018,4178673,AGO
Angola,Goats,2018,222738227,AGO
Angola,Sheep,2018,74545693,AGO
Angola,Hares / rabbits,2018,0,AGO
Angola,Camelidae,2018,0,AGO
Angola,Cervidae,2018,0,AGO
Angola,All,2014,1351095348,AGO
Angola,All,2015,1303440698,AGO
Angola,All,2016,1427970042,AGO
Angola,All,2017,1415717312,AGO
Angola,All,2018,1488324997,AGO
Argentina,Bovine,2018,16335128192,ARG
Argentina,Swine,2018,906648349,ARG
Argentina,Poultry,2018,3021124286,ARG
Argentina,Equidae,2018,882837742,ARG
Argentina,Goats,2018,164511286,ARG
Argentina,Sheep,2018,1071842985,ARG
Argentina,Hares / rabbits,2018,2134602,ARG
Argentina,Camelidae,2018,25663400,ARG
Argentina,Cervidae,2018,3530880,ARG
Argentina,All,2014,23261752771,ARG
Argentina,All,2015,23911690097,ARG
Argentina,All,2016,23685305408,ARG
Argentina,All,2017,23982597526,ARG
Argentina,All,2018,22416627032,ARG
Armenia,Bovine,2018,187798473,ARM
Armenia,Swine,2018,24499387,ARM
Armenia,Poultry,2018,17571429,ARM
Armenia,Equidae,2018,3598340,ARM
Armenia,Goats,2018,754960,ARM
Armenia,Sheep,2018,43689888,ARM
Armenia,Hares / rabbits,2018,0,ARM
Armenia,Camelidae,2018,0,ARM
Armenia,Cervidae,2018,0,ARM
Armenia,All,2014,262494422,ARM
Armenia,All,2015,288518656,ARM
Armenia,All,2016,268852196,ARM
Armenia,All,2017,285253567,ARM
Armenia,All,2018,294912476,ARM
Australia,Bovine,2018,12161611135,AUS
Australia,Swine,2018,588852637,AUS
Australia,Poultry,2018,1760587143,AUS
Australia,Equidae,2018,81334014,AUS
Australia,Goats,2018,140471550,AUS
Australia,Sheep,2018,5237918935,AUS
Australia,Hares / rabbits,2018,0,AUS
Australia,Camelidae,2018,0,AUS
Australia,Cervidae,2018,3605840,AUS
Australia,All,2014,19650851318,AUS
Australia,All,2015,19730619718,AUS
Australia,All,2016,19038284265,AUS
Australia,All,2017,18701010568,AUS
Australia,All,2018,20225236253,AUS
Austria,Bovine,2018,804326610,AUT
Austria,Swine,2018,715058933,AUT
Austria,Poultry,2018,177485714,AUT
Austria,Equidae,2018,47170447,AUT
Austria,Goats,2018,4008319,AUT
Austria,Sheep,2018,31815094,AUT
Austria,Hares / rabbits,2018,478811,AUT
Austria,Camelidae,2018,2542050,AUT
Austria,Cervidae,2018,3693360,AUT
Austria,All,2014,1802291574,AUT
Austria,All,2015,1819215828,AUT
Austria,All,2016,1836390477,AUT
Austria,All,2017,1835233726,AUT
Austria,All,2018,1790569939,AUT
Azerbaijan,Bovine,2018,871550743,AZE
Azerbaijan,Swine,2018,727209,AZE
Azerbaijan,Poultry,2018,155887143,AZE
Azerbaijan,Equidae,2018,35628897,AZE
Azerbaijan,Goats,2018,0,AZE
Azerbaijan,Sheep,2018,550286996,AZE
Azerbaijan,Hares / rabbits,2018,0,AZE
Azerbaijan,Camelidae,2018,90000,AZE
Azerbaijan,Cervidae,2018,0,AZE
Azerbaijan,All,2014,1453616457,AZE
Azerbaijan,All,2015,1431872555,AZE
Azerbaijan,All,2016,1502206573,AZE
Azerbaijan,All,2017,1414701901,AZE
Azerbaijan,All,2018,1614648988,AZE
Bahamas,Bovine,2018,24163,BHS
Bahamas,Swine,2018,588644,BHS
Bahamas,Poultry,2018,8945714,BHS
Bahamas,Equidae,2018,20424,BHS
Bahamas,Goats,2018,174981,BHS
Bahamas,Sheep,2018,254577,BHS
Bahamas,Hares / rabbits,2018,0,BHS
Bahamas,Camelidae,2018,0,BHS
Bahamas,Cervidae,2018,0,BHS
Bahamas,All,2014,10710493,BHS
Bahamas,All,2015,11365013,BHS
Bahamas,All,2016,11445233,BHS
Bahamas,All,2017,11161496,BHS
Bahamas,All,2018,10015343,BHS
Bahrain,Bovine,2018,527416,BHR
Bahrain,Swine,2018,0,BHR
Bahrain,Poultry,2018,12915714,BHR
Bahrain,Equidae,2018,0,BHR
Bahrain,Goats,2018,1104942,BHR
Bahrain,Sheep,2018,-3281947,BHR
Bahrain,Hares / rabbits,2018,0,BHR
Bahrain,Camelidae,2018,495000,BHR
Bahrain,Cervidae,2018,0,BHR
Bahrain,All,2014,12791977,BHR
Bahrain,All,2015,12500294,BHR
Bahrain,All,2016,28004474,BHR
Bahrain,All,2017,15843438,BHR
Bahrain,All,2018,11766625,BHR
Bangladesh,Bovine,2018,5441995161,BGD
Bangladesh,Swine,2018,0,BGD
Bangladesh,Poultry,2018,364890000,BGD
Bangladesh,Equidae,2018,420327,BGD
Bangladesh,Goats,2018,972975786,BGD
Bangladesh,Sheep,2018,245953091,BGD
Bangladesh,Hares / rabbits,2018,0,BGD
Bangladesh,Camelidae,2018,40500,BGD
Bangladesh,Cervidae,2018,0,BGD
Bangladesh,All,2014,6473580879,BGD
Bangladesh,All,2015,7167437745,BGD
Bangladesh,All,2016,6868650522,BGD
Bangladesh,All,2017,9475473522,BGD
Bangladesh,All,2018,11692274865,BGD
Barbados,Bovine,2018,3266448,BRB
Barbados,Swine,2018,4054685,BRB
Barbados,Poultry,2018,23781429,BRB
Barbados,Equidae,2018,1531836,BRB
Barbados,Goats,2018,197896,BRB
Barbados,Sheep,2018,986905,BRB
Barbados,Hares / rabbits,2018,0,BRB
Barbados,Camelidae,2018,0,BRB
Barbados,Cervidae,2018,0,BRB
Barbados,All,2014,28956552,BRB
Barbados,All,2015,31635091,BRB
Barbados,All,2016,29623637,BRB
Barbados,All,2017,30646956,BRB
Barbados,All,2018,33844699,BRB
Belarus,Bovine,2018,1377142543,BLR
Belarus,Swine,2018,570844140,BLR
Belarus,Poultry,2018,673917143,BLR
Belarus,Equidae,2018,18737219,BLR
Belarus,Goats,2018,0,BLR
Belarus,Sheep,2018,6046391,BLR
Belarus,Hares / rabbits,2018,838997,BLR
Belarus,Camelidae,2018,0,BLR
Belarus,Cervidae,2018,0,BLR
Belarus,All,2014,2204093902,BLR
Belarus,All,2015,2403010150,BLR
Belarus,All,2016,2413038149,BLR
Belarus,All,2017,2464029133,BLR
Belarus,All,2018,2659107332,BLR
Belgium,Bovine,2018,943374041,BEL
Belgium,Swine,2018,1486853276,BEL
Belgium,Poultry,2018,670785714,BEL
Belgium,Equidae,2018,169066174,BEL
Belgium,Goats,2018,2758906,BEL
Belgium,Sheep,2018,14093330,BEL
Belgium,Hares / rabbits,2018,0,BEL
Belgium,Camelidae,2018,0,BEL
Belgium,Cervidae,2018,931760,BEL
Belgium,All,2014,3298027403,BEL
Belgium,All,2015,3364826082,BEL
Belgium,All,2016,3384310955,BEL
Belgium,All,2017,2640900851,BEL
Belgium,All,2018,3287974202,BEL
Belize,Bovine,2018,44671813,BLZ
Belize,Swine,2018,3369795,BLZ
Belize,Poultry,2018,28462857,BLZ
Belize,Equidae,2018,1380033,BLZ
Belize,Goats,2018,9835,BLZ
Belize,Sheep,2018,1083881,BLZ
Belize,Hares / rabbits,2018,0,BLZ
Belize,Camelidae,2018,0,BLZ
Belize,Cervidae,2018,0,BLZ
Belize,All,2014,59691241,BLZ
Belize,All,2015,63149287,BLZ
Belize,All,2016,67739465,BLZ
Belize,All,2017,76342181,BLZ
Belize,All,2018,79538214,BLZ
Benin,Bovine,2018,561314480,BEN
Benin,Swine,2018,19472297,BEN
Benin,Poultry,2018,20801429,BEN
Benin,Equidae,2018,616274,BEN
Benin,Goats,2018,65618975,BEN
Benin,Sheep,2018,63783846,BEN
Benin,Hares / rabbits,2018,0,BEN
Benin,Camelidae,2018,6750,BEN
Benin,Cervidae,2018,0,BEN
Benin,All,2014,633516340,BEN
Benin,All,2015,645378968,BEN
Benin,All,2016,672612203,BEN
Benin,All,2017,611385352,BEN
Benin,All,2018,736728050,BEN
Bhutan,Bovine,2018,78540550,BTN
Bhutan,Swine,2018,1803951,BTN
Bhutan,Poultry,2018,2580000,BTN
Bhutan,Equidae,2018,4758943,BTN
Bhutan,Goats,2018,1786349,BTN
Bhutan,Sheep,2018,684331,BTN
Bhutan,Hares / rabbits,2018,0,BTN
Bhutan,Camelidae,2018,0,BTN
Bhutan,Cervidae,2018,0,BTN
Bhutan,All,2014,102167295,BTN
Bhutan,All,2015,89854145,BTN
Bhutan,All,2016,85184045,BTN
Bhutan,All,2017,85731463,BTN
Bhutan,All,2018,90377125,BTN
Bosnia and Herzegovina,Bovine,2018,134252393,BIH
Bosnia and Herzegovina,Swine,2018,21190646,BIH
Bosnia and Herzegovina,Poultry,2018,88465714,BIH
Bosnia and Herzegovina,Equidae,2018,5729270,BIH
Bosnia and Herzegovina,Goats,2018,0,BIH
Bosnia and Herzegovina,Sheep,2018,75647010,BIH
Bosnia and Herzegovina,Hares / rabbits,2018,36,BIH
Bosnia and Herzegovina,Camelidae,2018,0,BIH
Bosnia and Herzegovina,Cervidae,2018,0,BIH
Bosnia and Herzegovina,All,2014,277144978,BIH
Bosnia and Herzegovina,All,2015,290100193,BIH
Bosnia and Herzegovina,All,2016,302644171,BIH
Bosnia and Herzegovina,All,2017,306774143,BIH
Bosnia and Herzegovina,All,2018,328923869,BIH
Botswana,Bovine,2018,970877082,BWA
Botswana,Swine,2018,387417,BWA
Botswana,Poultry,2018,4371429,BWA
Botswana,Equidae,2018,66568400,BWA
Botswana,Goats,2018,24849898,BWA
Botswana,Sheep,2018,11671099,BWA
Botswana,Hares / rabbits,2018,1304781,BWA
Botswana,Camelidae,2018,221400,BWA
Botswana,Cervidae,2018,0,BWA
Botswana,All,2014,1140134070,BWA
Botswana,All,2015,1100194824,BWA
Botswana,All,2016,1082415929,BWA
Botswana,All,2017,1075969241,BWA
Botswana,All,2018,1080271506,BWA
Brazil,Bovine,2018,74004055662,BRA
Brazil,Swine,2018,5927422291,BRA
Brazil,Poultry,2018,20161111429,BRA
Brazil,Equidae,2018,2160342406,BRA
Brazil,Goats,2018,447972895,BRA
Brazil,Sheep,2018,1625244055,BRA
Brazil,Hares / rabbits,2018,1856160,BRA
Brazil,Camelidae,2018,0,BRA
Brazil,Cervidae,2018,0,BRA
Brazil,All,2014,97214187182,BRA
Brazil,All,2015,98348370403,BRA
Brazil,All,2016,100682797107,BRA
Brazil,All,2017,102756311472,BRA
Brazil,All,2018,105123564896,BRA
Bulgaria,Bovine,2018,312069412,BGR
Bulgaria,Swine,2018,118633373,BGR
Bulgaria,Poultry,2018,158351429,BGR
Bulgaria,Equidae,2018,61167548,BGR
Bulgaria,Goats,2018,10275458,BGR
Bulgaria,Sheep,2018,144123653,BGR
Bulgaria,Hares / rabbits,2018,22970395,BGR
Bulgaria,Camelidae,2018,2250,BGR
Bulgaria,Cervidae,2018,8973360,BGR
Bulgaria,All,2014,677161318,BGR
Bulgaria,All,2015,726076894,BGR
Bulgaria,All,2016,747037852,BGR
Bulgaria,All,2017,826762151,BGR
Bulgaria,All,2018,837231877,BGR
Burkina Faso,Bovine,2018,2173663184,BFA
Burkina Faso,Swine,2018,107013445,BFA
Burkina Faso,Poultry,2018,60618571,BFA
Burkina Faso,Equidae,2018,322662940,BFA
Burkina Faso,Goats,2018,519106106,BFA
Burkina Faso,Sheep,2018,717627107,BFA
Burkina Faso,Hares / rabbits,2018,0,BFA
Burkina Faso,Camelidae,2018,8937450,BFA
Burkina Faso,Cervidae,2018,0,BFA
Burkina Faso,All,2014,3556021723,BFA
Burkina Faso,All,2015,3743408025,BFA
Burkina Faso,All,2016,3733368338,BFA
Burkina Faso,All,2017,3595649476,BFA
Burkina Faso,All,2018,3910028804,BFA
Burundi,Bovine,2018,154254461,BDI
Burundi,Swine,2018,22439369,BDI
Burundi,Poultry,2018,12361429,BDI
Burundi,Equidae,2018,0,BDI
Burundi,Goats,2018,94505429,BDI
Burundi,Sheep,2018,22267670,BDI
Burundi,Hares / rabbits,2018,3276679,BDI
Burundi,Camelidae,2018,0,BDI
Burundi,Cervidae,2018,0,BDI
Burundi,All,2014,226709707,BDI
Burundi,All,2015,182473228,BDI
Burundi,All,2016,218778884,BDI
Burundi,All,2017,273634803,BDI
Burundi,All,2018,310655037,BDI
Cambodia,Bovine,2018,1107602326,KHM
Cambodia,Swine,2018,190590146,KHM
Cambodia,Poultry,2018,39648571,KHM
Cambodia,Equidae,2018,1268768,KHM
Cambodia,Goats,2018,0,KHM
Cambodia,Sheep,2018,0,KHM
Cambodia,Hares / rabbits,2018,0,KHM
Cambodia,Camelidae,2018,0,KHM
Cambodia,Cervidae,2018,0,KHM
Cambodia,All,2014,1310305733,KHM
Cambodia,All,2015,1229737472,KHM
Cambodia,All,2016,1266911308,KHM
Cambodia,All,2017,1266798793,KHM
Cambodia,All,2018,1590959812,KHM
Cameroon,Bovine,2018,1310465945,CMR
Cameroon,Swine,2018,82778463,CMR
Cameroon,Poultry,2018,113725714,CMR
Cameroon,Equidae,2018,14587527,CMR
Cameroon,Goats,2018,188122353,CMR
Cameroon,Sheep,2018,226441632,CMR
Cameroon,Hares / rabbits,2018,212886,CMR
Cameroon,Camelidae,2018,0,CMR
Cameroon,Cervidae,2018,0,CMR
Cameroon,All,2014,1881737409,CMR
Cameroon,All,2015,1862196818,CMR
Cameroon,All,2016,1881364230,CMR
Cameroon,All,2017,1631169466,CMR
Cameroon,All,2018,1938674519,CMR
Canada,Bovine,2018,6696351814,CAN
Canada,Swine,2018,3028765949,CAN
Canada,Poultry,2018,2112021429,CAN
Canada,Equidae,2018,140903674,CAN
Canada,Goats,2018,7841613,CAN
Canada,Sheep,2018,67598055,CAN
Canada,Hares / rabbits,2018,0,CAN
Canada,Camelidae,2018,9450000,CAN
Canada,Cervidae,2018,2960000,CAN
Canada,All,2014,11733894598,CAN
Canada,All,2015,11744859588,CAN
Canada,All,2016,12043002641,CAN
Canada,All,2017,11896893199,CAN
Canada,All,2018,12257265534,CAN
Chad,Bovine,2018,6361793118,TCD
Chad,Swine,2018,52012267,TCD
Chad,Poultry,2018,9342857,TCD
Chad,Equidae,2018,581654700,TCD
Chad,Goats,2018,1155333885,TCD
Chad,Sheep,2018,1895039120,TCD
Chad,Hares / rabbits,2018,0,TCD
Chad,Camelidae,2018,3948750000,TCD
Chad,Cervidae,2018,0,TCD
Chad,All,2014,3041531856,TCD
Chad,All,2015,11358393095,TCD
Chad,All,2016,11460770734,TCD
Chad,All,2017,13121403345,TCD
Chad,All,2018,14004010947,TCD
Chile,Bovine,2018,1259044917,CHL
Chile,Swine,2018,727502007,CHL
Chile,Poultry,2018,1089025714,CHL
Chile,Equidae,2018,101772984,CHL
Chile,Goats,2018,26832505,CHL
Chile,Sheep,2018,280539379,CHL
Chile,Hares / rabbits,2018,0,CHL
Chile,Camelidae,2018,4247500,CHL
Chile,Cervidae,2018,692400,CHL
Chile,All,2014,4336514210,CHL
Chile,All,2015,4414094011,CHL
Chile,All,2016,4230828239,CHL
Chile,All,2017,4115455821,CHL
Chile,All,2018,4624649406,CHL
Colombia,Bovine,2018,9360797620,COL
Colombia,Swine,2018,630780726,COL
Colombia,Poultry,2018,2328084286,COL
Colombia,Equidae,2018,535882973,COL
Colombia,Goats,2018,37985459,COL
Colombia,Sheep,2018,117877890,COL
Colombia,Hares / rabbits,2018,5369009,COL
Colombia,Camelidae,2018,0,COL
Colombia,Cervidae,2018,0,COL
Colombia,All,2014,10541460909,COL
Colombia,All,2015,10577080966,COL
Colombia,All,2016,11076804271,COL
Colombia,All,2017,12208498889,COL
Colombia,All,2018,13149534184,COL
Comoros,Bovine,2018,10319383,COM
Comoros,Swine,2018,0,COM
Comoros,Poultry,2018,840000,COM
Comoros,Equidae,2018,1476432,COM
Comoros,Goats,2018,4119789,COM
Comoros,Sheep,2018,1751772,COM
Comoros,Hares / rabbits,2018,0,COM
Comoros,Camelidae,2018,0,COM
Comoros,Cervidae,2018,0,COM
Comoros,All,2014,14279909,COM
Comoros,All,2015,18356783,COM
Comoros,All,2016,18350573,COM
Comoros,All,2017,18553321,COM
Comoros,All,2018,18507375,COM
Costa Rica,Bovine,2018,376877722,CRI
Costa Rica,Swine,2018,90666592,CRI
Costa Rica,Poultry,2018,193571429,CRI
Costa Rica,Equidae,2018,39187684,CRI
Costa Rica,Goats,2018,400019,CRI
Costa Rica,Sheep,2018,2671209,CRI
Costa Rica,Hares / rabbits,2018,0,CRI
Costa Rica,Camelidae,2018,0,CRI
Costa Rica,Cervidae,2018,0,CRI
Costa Rica,All,2014,886336777,CRI
Costa Rica,All,2015,688441045,CRI
Costa Rica,All,2016,694861461,CRI
Costa Rica,All,2017,697585866,CRI
Costa Rica,All,2018,725219653,CRI
Croatia,Bovine,2018,180179021,HRV
Croatia,Swine,2018,170507520,HRV
Croatia,Poultry,2018,75142857,HRV
Croatia,Equidae,2018,13753969,HRV
Croatia,Goats,2018,2801295,HRV
Croatia,Sheep,2018,42887477,HRV
Croatia,Hares / rabbits,2018,0,HRV
Croatia,Camelidae,2018,0,HRV
Croatia,Cervidae,2018,0,HRV
Croatia,All,2014,481470088,HRV
Croatia,All,2015,473056908,HRV
Croatia,All,2016,502232132,HRV
Croatia,All,2017,503097017,HRV
Croatia,All,2018,503339308,HRV
Cuba,Bovine,2018,1122225265,CUB
Cuba,Swine,2018,345298406,CUB
Cuba,Poultry,2018,39181429,CUB
Cuba,Equidae,2018,263558638,CUB
Cuba,Goats,2018,41035871,CUB
Cuba,Sheep,2018,101926380,CUB
Cuba,Hares / rabbits,2018,0,CUB
Cuba,Camelidae,2018,0,CUB
Cuba,Cervidae,2018,962560,CUB
Cuba,All,2014,1999739714,CUB
Cuba,All,2015,1995786788,CUB
Cuba,All,2016,2047810408,CUB
Cuba,All,2017,1977903007,CUB
Cuba,All,2018,1942816549,CUB
Cyprus,Bovine,2018,28675327,CYP
Cyprus,Swine,2018,62405827,CYP
Cyprus,Poultry,2018,36314286,CYP
Cyprus,Equidae,2018,2176964,CYP
Cyprus,Goats,2018,3500418,CYP
Cyprus,Sheep,2018,7498771,CYP
Cyprus,Hares / rabbits,2018,0,CYP
Cyprus,Camelidae,2018,46350,CYP
Cyprus,Cervidae,2018,13600,CYP
Cyprus,All,2014,129099901,CYP
Cyprus,All,2015,135341513,CYP
Cyprus,All,2016,136324528,CYP
Cyprus,All,2017,138934588,CYP
Cyprus,All,2018,148049541,CYP
Denmark,Bovine,2018,690723466,DNK
Denmark,Swine,2018,2328571092,DNK
Denmark,Poultry,2018,210905714,DNK
Denmark,Equidae,2018,89198957,DNK
Denmark,Goats,2018,639210,DNK
Denmark,Sheep,2018,10408752,DNK
Denmark,Hares / rabbits,2018,0,DNK
Denmark,Camelidae,2018,0,DNK
Denmark,Cervidae,2018,1159200,DNK
Denmark,All,2014,3354708217,DNK
Denmark,All,2015,3270708324,DNK
Denmark,All,2016,3348329844,DNK
Denmark,All,2017,3259873442,DNK
Denmark,All,2018,3369107390,DNK
Djibouti,Bovine,2018,62471873,DJI
Djibouti,Swine,2018,0,DJI
Djibouti,Poultry,2018,0,DJI
Djibouti,Equidae,2018,1874325,DJI
Djibouti,Goats,2018,20397857,DJI
Djibouti,Sheep,2018,26182328,DJI
Djibouti,Hares / rabbits,2018,0,DJI
Djibouti,Camelidae,2018,22500000,DJI
Djibouti,Cervidae,2018,0,DJI
Djibouti,All,2014,74928087,DJI
Djibouti,All,2015,69618338,DJI
Djibouti,All,2016,76253267,DJI
Djibouti,All,2017,148592906,DJI
Djibouti,All,2018,133426382,DJI
Ecuador,Bovine,2018,1459827048,ECU
Ecuador,Swine,2018,381480883,ECU
Ecuador,Poultry,2018,472458571,ECU
Ecuador,Equidae,2018,113483235,ECU
Ecuador,Goats,2018,1373154,ECU
Ecuador,Sheep,2018,23223831,ECU
Ecuador,Hares / rabbits,2018,1629627,ECU
Ecuador,Camelidae,2018,2004300,ECU
Ecuador,Cervidae,2018,0,ECU
Ecuador,All,2014,2475252797,ECU
Ecuador,All,2015,2441019694,ECU
Ecuador,All,2016,2450986029,ECU
Ecuador,All,2017,2364590202,ECU
Ecuador,All,2018,3036870649,ECU
Egypt,Bovine,2018,1751802696,EGY
Egypt,Swine,2018,990710,EGY
Egypt,Poultry,2018,2072572857,EGY
Egypt,Equidae,2018,216458854,EGY
Egypt,Goats,2018,60156735,EGY
Egypt,Sheep,2018,163325734,EGY
Egypt,Hares / rabbits,2018,120018332,EGY
Egypt,Camelidae,2018,33355350,EGY
Egypt,Cervidae,2018,0,EGY
Egypt,All,2014,3811123548,EGY
Egypt,All,2015,4038109022,EGY
Egypt,All,2016,3232243581,EGY
Egypt,All,2017,3302054512,EGY
Egypt,All,2018,6012912269,EGY
El Salvador,Bovine,2018,253532386,SLV
El Salvador,Swine,2018,7545822,SLV
El Salvador,Poultry,2018,198185714,SLV
El Salvador,Equidae,2018,34599903,SLV
El Salvador,Goats,2018,504006,SLV
El Salvador,Sheep,2018,367037,SLV
El Salvador,Hares / rabbits,2018,0,SLV
El Salvador,Camelidae,2018,0,SLV
El Salvador,Cervidae,2018,0,SLV
El Salvador,All,2014,580914305,SLV
El Salvador,All,2015,595406085,SLV
El Salvador,All,2016,606280628,SLV
El Salvador,All,2017,506586516,SLV
El Salvador,All,2018,503334867,SLV
Equatorial Guinea,Bovine,2018,1009496,GNQ
Equatorial Guinea,Swine,2018,362919,GNQ
Equatorial Guinea,Poultry,2018,367143,GNQ
Equatorial Guinea,Equidae,2018,0,GNQ
Equatorial Guinea,Goats,2018,334061,GNQ
Equatorial Guinea,Sheep,2018,2813023,GNQ
Equatorial Guinea,Hares / rabbits,2018,0,GNQ
Equatorial Guinea,Camelidae,2018,0,GNQ
Equatorial Guinea,Cervidae,2018,0,GNQ
Equatorial Guinea,All,2014,4435425,GNQ
Equatorial Guinea,All,2015,4634841,GNQ
Equatorial Guinea,All,2016,4460314,GNQ
Equatorial Guinea,All,2017,4373564,GNQ
Equatorial Guinea,All,2018,4901641,GNQ
Eritrea,Bovine,2018,492923343,ERI
Eritrea,Swine,2018,0,ERI
Eritrea,Poultry,2018,1837143,ERI
Eritrea,Equidae,2018,135219126,ERI
Eritrea,Goats,2018,191908458,ERI
Eritrea,Sheep,2018,184749320,ERI
Eritrea,Hares / rabbits,2018,0,ERI
Eritrea,Camelidae,2018,176862150,ERI
Eritrea,Cervidae,2018,0,ERI
Eritrea,All,2014,997513364,ERI
Eritrea,All,2015,1038239603,ERI
Eritrea,All,2016,1162210629,ERI
Eritrea,All,2017,1070570627,ERI
Eritrea,All,2018,1183499540,ERI
Estonia,Bovine,2018,127386719,EST
Estonia,Swine,2018,62220692,EST
Estonia,Poultry,2018,27571429,EST
Estonia,Equidae,2018,2905337,EST
Estonia,Goats,2018,170977,EST
Estonia,Sheep,2018,5152723,EST
Estonia,Hares / rabbits,2018,0,EST
Estonia,Camelidae,2018,0,EST
Estonia,Cervidae,2018,0,EST
Estonia,All,2014,220238759,EST
Estonia,All,2015,232531265,EST
Estonia,All,2016,227424771,EST
Estonia,All,2017,220392883,EST
Estonia,All,2018,226351537,EST
Ethiopia,Bovine,2018,13015581521,ETH
Ethiopia,Swine,2018,3437554,ETH
Ethiopia,Poultry,2018,106118571,ETH
Ethiopia,Equidae,2018,2978551223,ETH
Ethiopia,Goats,2018,1126844213,ETH
Ethiopia,Sheep,2018,2185409517,ETH
Ethiopia,Hares / rabbits,2018,0,ETH
Ethiopia,Camelidae,2018,569383650,ETH
Ethiopia,Cervidae,2018,0,ETH
Ethiopia,All,2014,17506391777,ETH
Ethiopia,All,2015,18714532327,ETH
Ethiopia,All,2016,19084906055,ETH
Ethiopia,All,2017,19234388718,ETH
Ethiopia,All,2018,19985491249,ETH
Fiji,Bovine,2018,18401547,FJI
Fiji,Swine,2018,6248440,FJI
Fiji,Poultry,2018,51417143,FJI
Fiji,Equidae,2018,7851990,FJI
Fiji,Goats,2018,1984065,FJI
Fiji,Sheep,2018,1981453,FJI
Fiji,Hares / rabbits,2018,0,FJI
Fiji,Camelidae,2018,0,FJI
Fiji,Cervidae,2018,131840,FJI
Fiji,All,2014,56706661,FJI
Fiji,All,2015,67410572,FJI
Fiji,All,2016,54462516,FJI
Fiji,All,2017,80752570,FJI
Fiji,All,2018,88261478,FJI
Finland,Bovine,2018,360373486,FIN
Finland,Swine,2018,237876307,FIN
Finland,Poultry,2018,193271429,FIN
Finland,Equidae,2018,37922299,FIN
Finland,Goats,2018,272412,FIN
Finland,Sheep,2018,9378687,FIN
Finland,Hares / rabbits,2018,0,FIN
Finland,Camelidae,2018,0,FIN
Finland,Cervidae,2018,15451360,FIN
Finland,All,2014,870891836,FIN
Finland,All,2015,893302362,FIN
Finland,All,2016,904349226,FIN
Finland,All,2017,892092908,FIN
Finland,All,2018,869145980,FIN
France,Bovine,2018,8397144534,FRA
France,Swine,2018,3093034133,FRA
France,Poultry,2018,2413415714,FRA
France,Equidae,2018,189041133,FRA
France,Goats,2018,43987895,FRA
France,Sheep,2018,492754129,FRA
France,Hares / rabbits,2018,68344836,FRA
France,Camelidae,2018,0,FRA
France,Cervidae,2018,0,FRA
France,All,2014,15130829976,FRA
France,All,2015,15395961261,FRA
France,All,2016,15383202065,FRA
France,All,2017,15563915391,FRA
France,All,2018,14884820554,FRA
Gabon,Bovine,2018,8769193,GAB
Gabon,Swine,2018,9331975,GAB
Gabon,Poultry,2018,5588571,GAB
Gabon,Equidae,2018,0,GAB
Gabon,Goats,2018,3822261,GAB
Gabon,Sheep,2018,14689753,GAB
Gabon,Hares / rabbits,2018,3679773,GAB
Gabon,Camelidae,2018,0,GAB
Gabon,Cervidae,2018,0,GAB
Gabon,All,2014,37659894,GAB
Gabon,All,2015,38313439,GAB
Gabon,All,2016,37806898,GAB
Gabon,All,2017,37695644,GAB
Gabon,All,2018,45926528,GAB
Gambia,Bovine,2018,67063912,GMB
Gambia,Swine,2018,1029302,GMB
Gambia,Poultry,2018,2298571,GMB
Gambia,Equidae,2018,21537674,GMB
Gambia,Goats,2018,11145643,GMB
Gambia,Sheep,2018,12281946,GMB
Gambia,Hares / rabbits,2018,0,GMB
Gambia,Camelidae,2018,0,GMB
Gambia,Cervidae,2018,0,GMB
Gambia,All,2014,126608898,GMB
Gambia,All,2015,129287101,GMB
Gambia,All,2016,123108954,GMB
Gambia,All,2017,122675933,GMB
Gambia,All,2018,115392049,GMB
Georgia,Bovine,2018,338951433,GEO
Georgia,Swine,2018,25966103,GEO
Georgia,Poultry,2018,31571429,GEO
Georgia,Equidae,2018,21484762,GEO
Georgia,Goats,2018,1698384,GEO
Georgia,Sheep,2018,62999051,GEO
Georgia,Hares / rabbits,2018,668454,GEO
Georgia,Camelidae,2018,0,GEO
Georgia,Cervidae,2018,0,GEO
Georgia,All,2014,500608096,GEO
Georgia,All,2015,529063341,GEO
Georgia,All,2016,432820097,GEO
Georgia,All,2017,456549960,GEO
Georgia,All,2018,485721115,GEO
Germany,Bovine,2018,5320587653,DEU
Germany,Swine,2018,7280671159,DEU
Germany,Poultry,2018,2185895714,DEU
Germany,Equidae,2018,225291080,DEU
Germany,Goats,2018,4675964,DEU
Germany,Sheep,2018,100517289,DEU
Germany,Hares / rabbits,2018,0,DEU
Germany,Camelidae,2018,0,DEU
Germany,Cervidae,2018,0,DEU
Germany,All,2014,15719826508,DEU
Germany,All,2015,15841014757,DEU
Germany,All,2016,15826221183,DEU
Germany,All,2017,15664827133,DEU
Germany,All,2018,15153741859,DEU
Ghana,Bovine,2018,440023375,GHA
Ghana,Swine,2018,51120021,GHA
Ghana,Poultry,2018,88087143,GHA
Ghana,Equidae,2018,4362042,GHA
Ghana,Goats,2018,254976022,GHA
Ghana,Sheep,2018,351461262,GHA
Ghana,Hares / rabbits,2018,0,GHA
Ghana,Camelidae,2018,0,GHA
Ghana,Cervidae,2018,0,GHA
Ghana,All,2014,984356947,GHA
Ghana,All,2015,819774049,GHA
Ghana,All,2016,1128789244,GHA
Ghana,All,2017,1098874985,GHA
Ghana,All,2018,1266659864,GHA
Greece,Bovine,2018,208539216,GRC
Greece,Swine,2018,127176164,GRC
Greece,Poultry,2018,314114286,GRC
Greece,Equidae,2018,3008299,GRC
Greece,Goats,2018,129219986,GRC
Greece,Sheep,2018,570303516,GRC
Greece,Hares / rabbits,2018,0,GRC
Greece,Camelidae,2018,0,GRC
Greece,Cervidae,2018,0,GRC
Greece,All,2014,1451464569,GRC
Greece,All,2015,1750490989,GRC
Greece,All,2016,1449432049,GRC
Greece,All,2017,1336903217,GRC
Greece,All,2018,1484596087,GRC
Guatemala,Bovine,2018,1155716306,GTM
Guatemala,Swine,2018,147371737,GTM
Guatemala,Poultry,2018,325922857,GTM
Guatemala,Equidae,2018,50162807,GTM
Guatemala,Goats,2018,3876063,GTM
Guatemala,Sheep,2018,42726748,GTM
Guatemala,Hares / rabbits,2018,0,GTM
Guatemala,Camelidae,2018,0,GTM
Guatemala,Cervidae,2018,92000,GTM
Guatemala,All,2014,1120823290,GTM
Guatemala,All,2015,1144939638,GTM
Guatemala,All,2016,1156199156,GTM
Guatemala,All,2017,1200469851,GTM
Guatemala,All,2018,1754185518,GTM
Guinea,Bovine,2018,1635816963,GIN
Guinea,Swine,2018,5586903,GIN
Guinea,Poultry,2018,15084286,GIN
Guinea,Equidae,2018,1431180,GIN
Guinea,Goats,2018,104321877,GIN
Guinea,Sheep,2018,173503805,GIN
Guinea,Hares / rabbits,2018,0,GIN
Guinea,Camelidae,2018,0,GIN
Guinea,Cervidae,2018,0,GIN
Guinea,All,2014,1540830801,GIN
Guinea,All,2015,1589259413,GIN
Guinea,All,2016,1707112448,GIN
Guinea,All,2017,1762882991,GIN
Guinea,All,2018,1936431613,GIN
Guinea-Bissau,Bovine,2018,303538763,GNB
Guinea-Bissau,Swine,2018,22818360,GNB
Guinea-Bissau,Poultry,2018,4085714,GNB
Guinea-Bissau,Equidae,2018,9606264,GNB
Guinea-Bissau,Goats,2018,21880122,GNB
Guinea-Bissau,Sheep,2018,19447824,GNB
Guinea-Bissau,Hares / rabbits,2018,0,GNB
Guinea-Bissau,Camelidae,2018,0,GNB
Guinea-Bissau,Cervidae,2018,0,GNB
Guinea-Bissau,All,2014,361684692,GNB
Guinea-Bissau,All,2015,356431713,GNB
Guinea-Bissau,All,2016,361925583,GNB
Guinea-Bissau,All,2017,353829199,GNB
Guinea-Bissau,All,2018,381402048,GNB
Guyana,Bovine,2018,152053359,GUY
Guyana,Swine,2018,1127094,GUY
Guyana,Poultry,2018,60031429,GUY
Guyana,Equidae,2018,1000805,GUY
Guyana,Goats,2018,4176774,GUY
Guyana,Sheep,2018,21460626,GUY
Guyana,Hares / rabbits,2018,0,GUY
Guyana,Camelidae,2018,0,GUY
Guyana,Cervidae,2018,0,GUY
Guyana,All,2014,153705909,GUY
Guyana,All,2015,163899562,GUY
Guyana,All,2016,187242168,GUY
Guyana,All,2017,87694494,GUY
Guyana,All,2018,240156845,GUY
Haiti,Bovine,2018,302650223,HTI
Haiti,Swine,2018,56217719,HTI
Haiti,Poultry,2018,12931429,HTI
Haiti,Equidae,2018,141841413,HTI
Haiti,Goats,2018,61176110,HTI
Haiti,Sheep,2018,25991451,HTI
Haiti,Hares / rabbits,2018,0,HTI
Haiti,Camelidae,2018,0,HTI
Haiti,Cervidae,2018,0,HTI
Haiti,All,2014,839453836,HTI
Haiti,All,2015,675540746,HTI
Haiti,All,2016,637935647,HTI
Haiti,All,2017,629230415,HTI
Haiti,All,2018,602238344,HTI
Honduras,Bovine,2018,842985620,HND
Honduras,Swine,2018,23498662,HND
Honduras,Poultry,2018,294421429,HND
Honduras,Equidae,2018,75823135,HND
Honduras,Goats,2018,916333,HND
Honduras,Sheep,2018,1149907,HND
Honduras,Hares / rabbits,2018,0,HND
Honduras,Camelidae,2018,0,HND
Honduras,Cervidae,2018,0,HND
Honduras,All,2014,1010485212,HND
Honduras,All,2015,1036119359,HND
Honduras,All,2016,1015699320,HND
Honduras,All,2017,1252042054,HND
Honduras,All,2018,1303795086,HND
Hungary,Bovine,2018,447544375,HUN
Hungary,Swine,2018,659056175,HUN
Hungary,Poultry,2018,750578571,HUN
Hungary,Equidae,2018,26504833,HUN
Hungary,Goats,2018,2219884,HUN
Hungary,Sheep,2018,81548724,HUN
Hungary,Hares / rabbits,2018,13500094,HUN
Hungary,Camelidae,2018,0,HUN
Hungary,Cervidae,2018,0,HUN
Hungary,All,2014,1709894157,HUN
Hungary,All,2015,1898366627,HUN
Hungary,All,2016,1928485540,HUN
Hungary,All,2017,1875824994,HUN
Hungary,All,2018,1998804957,HUN
Iceland,Bovine,2018,33765019,ISL
Iceland,Swine,2018,9589443,ISL
Iceland,Poultry,2018,13547143,ISL
Iceland,Equidae,2018,33025022,ISL
Iceland,Goats,2018,0,ISL
Iceland,Sheep,2018,28124951,ISL
Iceland,Hares / rabbits,2018,0,ISL
Iceland,Camelidae,2018,0,ISL
Iceland,Cervidae,2018,0,ISL
Iceland,All,2014,111116480,ISL
Iceland,All,2015,123577928,ISL
Iceland,All,2016,131785712,ISL
Iceland,All,2017,139361607,ISL
Iceland,All,2018,137236577,ISL
India,Bovine,2018,64250786198,IND
India,Swine,2018,681592584,IND
India,Poultry,2018,5858354286,IND
India,Equidae,2018,228649811,IND
India,Goats,2018,4954825346,IND
India,Sheep,2018,4935288669,IND
India,Hares / rabbits,2018,0,IND
India,Camelidae,2018,124758000,IND
India,Cervidae,2018,0,IND
India,All,2014,74440573241,IND
India,All,2015,82262666118,IND
India,All,2016,78253176502,IND
India,All,2017,82593777808,IND
India,All,2018,88210254894,IND
Indonesia,Bovine,2018,3823998370,IDN
Indonesia,Swine,2018,461201074,IDN
Indonesia,Poultry,2018,4934625714,IDN
Indonesia,Equidae,2018,118000946,IDN
Indonesia,Goats,2018,638750988,IDN
Indonesia,Sheep,2018,1222426944,IDN
Indonesia,Hares / rabbits,2018,0,IDN
Indonesia,Camelidae,2018,0,IDN
Indonesia,Cervidae,2018,0,IDN
Indonesia,All,2014,7653248629,IDN
Indonesia,All,2015,9218955177,IDN
Indonesia,All,2016,9775263486,IDN
Indonesia,All,2017,9785793007,IDN
Indonesia,All,2018,16650415036,IDN
Iraq,Bovine,2018,698449863,IRQ
Iraq,Swine,2018,0,IRQ
Iraq,Poultry,2018,156268571,IRQ
Iraq,Equidae,2018,3778112,IRQ
Iraq,Goats,2018,46811485,IRQ
Iraq,Sheep,2018,695454332,IRQ
Iraq,Hares / rabbits,2018,0,IRQ
Iraq,Camelidae,2018,36542250,IRQ
Iraq,Cervidae,2018,0,IRQ
Iraq,All,2014,1617011433,IRQ
Iraq,All,2015,1717505719,IRQ
Iraq,All,2016,1337794878,IRQ
Iraq,All,2017,1444702971,IRQ
Iraq,All,2018,1659041613,IRQ
Ireland,Bovine,2018,3142449067,IRL
Ireland,Swine,2018,452570892,IRL
Ireland,Poultry,2018,207800000,IRL
Ireland,Equidae,2018,42985742,IRL
Ireland,Goats,2018,310002,IRL
Ireland,Sheep,2018,349049116,IRL
Ireland,Hares / rabbits,2018,0,IRL
Ireland,Camelidae,2018,0,IRL
Ireland,Cervidae,2018,0,IRL
Ireland,All,2014,3397613341,IRL
Ireland,All,2015,3712762245,IRL
Ireland,All,2016,3703180627,IRL
Ireland,All,2017,4076530715,IRL
Ireland,All,2018,4232242819,IRL
Israel,Bovine,2018,60628038,ISR
Israel,Swine,2018,21400769,ISR
Israel,Poultry,2018,937032857,ISR
Israel,Equidae,2018,10742381,ISR
Israel,Goats,2018,7158019,ISR
Israel,Sheep,2018,30393060,ISR
Israel,Hares / rabbits,2018,0,ISR
Israel,Camelidae,2018,1575000,ISR
Israel,Cervidae,2018,0,ISR
Israel,All,2014,991320579,ISR
Israel,All,2015,1048857587,ISR
Israel,All,2016,1095772656,ISR
Israel,All,2017,1078477918,ISR
Israel,All,2018,1093941125,ISR
Italy,Bovine,2018,3422456425,ITA
Italy,Swine,2018,2092912281,ITA
Italy,Poultry,2018,1823751429,ITA
Italy,Equidae,2018,229368746,ITA
Italy,Goats,2018,39614788,ITA
Italy,Sheep,2018,519893043,ITA
Italy,Hares / rabbits,2018,0,ITA
Italy,Camelidae,2018,0,ITA
Italy,Cervidae,2018,0,ITA
Italy,All,2014,6574697677,ITA
Italy,All,2015,6910390839,ITA
Italy,All,2016,6976389797,ITA
Italy,All,2017,8308592781,ITA
Italy,All,2018,8271334895,ITA
Jamaica,Bovine,2018,53060854,JAM
Jamaica,Swine,2018,18788895,JAM
Jamaica,Poultry,2018,189067143,JAM
Jamaica,Equidae,2018,966023,JAM
Jamaica,Goats,2018,12298522,JAM
Jamaica,Sheep,2018,839768,JAM
Jamaica,Hares / rabbits,2018,0,JAM
Jamaica,Camelidae,2018,0,JAM
Jamaica,Cervidae,2018,0,JAM
Jamaica,All,2014,215452077,JAM
Jamaica,All,2015,203654214,JAM
Jamaica,All,2016,225782635,JAM
Jamaica,All,2017,228993222,JAM
Jamaica,All,2018,276636834,JAM
Japan,Bovine,2018,1055074665,JPN
Japan,Swine,2018,1845437659,JPN
Japan,Poultry,2018,3213710000,JPN
Japan,Equidae,2018,26481046,JPN
Japan,Goats,2018,649988,JPN
Japan,Sheep,2018,1447233,JPN
Japan,Hares / rabbits,2018,0,JPN
Japan,Camelidae,2018,0,JPN
Japan,Cervidae,2018,282560,JPN
Japan,All,2014,7091364716,JPN
Japan,All,2015,7082609491,JPN
Japan,All,2016,6856474423,JPN
Japan,All,2017,6888535172,JPN
Japan,All,2018,6775225805,JPN
Jordan,Bovine,2018,22770557,JOR
Jordan,Swine,2018,0,JOR
Jordan,Poultry,2018,313918571,JOR
Jordan,Equidae,2018,3607342,JOR
Jordan,Goats,2018,32723422,JOR
Jordan,Sheep,2018,219840456,JOR
Jordan,Hares / rabbits,2018,26068,JOR
Jordan,Camelidae,2018,5949450,JOR
Jordan,Cervidae,2018,0,JOR
Jordan,All,2014,554074276,JOR
Jordan,All,2015,569675379,JOR
Jordan,All,2016,560758200,JOR
Jordan,All,2017,542909205,JOR
Jordan,All,2018,600165866,JOR
Kazakhstan,Bovine,2018,2237992245,KAZ
Kazakhstan,Swine,2018,128877748,KAZ
Kazakhstan,Poultry,2018,261765714,KAZ
Kazakhstan,Equidae,2018,896054582,KAZ
Kazakhstan,Goats,2018,92268064,KAZ
Kazakhstan,Sheep,2018,1235997874,KAZ
Kazakhstan,Hares / rabbits,2018,113306,KAZ
Kazakhstan,Camelidae,2018,91352700,KAZ
Kazakhstan,Cervidae,2018,640000,KAZ
Kazakhstan,All,2014,3577191097,KAZ
Kazakhstan,All,2015,4130450278,KAZ
Kazakhstan,All,2016,3886816764,KAZ
Kazakhstan,All,2017,3992638257,KAZ
Kazakhstan,All,2018,4950715504,KAZ
Kenya,Bovine,2018,3707977059,KEN
Kenya,Swine,2018,30317682,KEN
Kenya,Poultry,2018,188118571,KEN
Kenya,Equidae,2018,565510,KEN
Kenya,Goats,2018,1005548295,KEN
Kenya,Sheep,2018,1231758610,KEN
Kenya,Hares / rabbits,2018,1952145,KEN
Kenya,Camelidae,2018,1343725650,KEN
Kenya,Cervidae,2018,0,KEN
Kenya,All,2014,7338199193,KEN
Kenya,All,2015,7371825289,KEN
Kenya,All,2016,7309070822,KEN
Kenya,All,2017,7446800707,KEN
Kenya,All,2018,7525283524,KEN
Kuwait,Bovine,2018,10588202,KWT
Kuwait,Swine,2018,0,KWT
Kuwait,Poultry,2018,87317143,KWT
Kuwait,Equidae,2018,1608720,KWT
Kuwait,Goats,2018,7567243,KWT
Kuwait,Sheep,2018,37185049,KWT
Kuwait,Hares / rabbits,2018,0,KWT
Kuwait,Camelidae,2018,39316500,KWT
Kuwait,Cervidae,2018,0,KWT
Kuwait,All,2014,195570571,KWT
Kuwait,All,2015,188531526,KWT
Kuwait,All,2016,176709457,KWT
Kuwait,All,2017,197426250,KWT
Kuwait,All,2018,183780507,KWT
Kyrgyzstan,Bovine,2018,512757090,KGZ
Kyrgyzstan,Swine,2018,22755884,KGZ
Kyrgyzstan,Poultry,2018,11878571,KGZ
Kyrgyzstan,Equidae,2018,172309223,KGZ
Kyrgyzstan,Goats,2018,32113247,KGZ
Kyrgyzstan,Sheep,2018,381155389,KGZ
Kyrgyzstan,Hares / rabbits,2018,576450,KGZ
Kyrgyzstan,Camelidae,2018,102600,KGZ
Kyrgyzstan,Cervidae,2018,0,KGZ
Kyrgyzstan,All,2014,915740934,KGZ
Kyrgyzstan,All,2015,907524004,KGZ
Kyrgyzstan,All,2016,969042094,KGZ
Kyrgyzstan,All,2017,989811801,KGZ
Kyrgyzstan,All,2018,1136207154,KGZ
Latvia,Bovine,2018,182599067,LVA
Latvia,Swine,2018,56530995,LVA
Latvia,Poultry,2018,47414286,LVA
Latvia,Equidae,2018,4283079,LVA
Latvia,Goats,2018,418166,LVA
Latvia,Sheep,2018,7460854,LVA
Latvia,Hares / rabbits,2018,172710,LVA
Latvia,Camelidae,2018,84150,LVA
Latvia,Cervidae,2018,1785040,LVA
Latvia,All,2014,296738929,LVA
Latvia,All,2015,299766232,LVA
Latvia,All,2016,303163087,LVA
Latvia,All,2017,311591448,LVA
Latvia,All,2018,300976346,LVA
Lebanon,Bovine,2018,25062375,LBN
Lebanon,Swine,2018,971206,LBN
Lebanon,Poultry,2018,196782857,LBN
Lebanon,Equidae,2018,8370408,LBN
Lebanon,Goats,2018,20763160,LBN
Lebanon,Sheep,2018,32262720,LBN
Lebanon,Hares / rabbits,2018,0,LBN
Lebanon,Camelidae,2018,65700,LBN
Lebanon,Cervidae,2018,0,LBN
Lebanon,All,2014,201339532,LBN
Lebanon,All,2015,240681927,LBN
Lebanon,All,2016,245550983,LBN
Lebanon,All,2017,245761499,LBN
Lebanon,All,2018,285309427,LBN
Lesotho,Bovine,2018,109092486,LSO
Lesotho,Swine,2018,3358872,LSO
Lesotho,Poultry,2018,2635714,LSO
Lesotho,Equidae,2018,49916743,LSO
Lesotho,Goats,2018,29786531,LSO
Lesotho,Sheep,2018,126158054,LSO
Lesotho,Hares / rabbits,2018,0,LSO
Lesotho,Camelidae,2018,0,LSO
Lesotho,Cervidae,2018,0,LSO
Lesotho,All,2014,518443696,LSO
Lesotho,All,2015,592280193,LSO
Lesotho,All,2016,268873916,LSO
Lesotho,All,2017,342176924,LSO
Lesotho,All,2018,323448860,LSO
Liberia,Bovine,2018,10285498,LBR
Liberia,Swine,2018,24727718,LBR
Liberia,Poultry,2018,21562857,LBR
Liberia,Equidae,2018,0,LBR
Liberia,Goats,2018,13993288,LBR
Liberia,Sheep,2018,20994403,LBR
Liberia,Hares / rabbits,2018,0,LBR
Liberia,Camelidae,2018,0,LBR
Liberia,Cervidae,2018,0,LBR
Liberia,All,2014,64743520,LBR
Liberia,All,2015,64774053,LBR
Liberia,All,2016,71576504,LBR
Liberia,All,2017,70156146,LBR
Liberia,All,2018,91803764,LBR
Libya,Bovine,2018,52784943,LBY
Libya,Swine,2018,0,LBY
Libya,Poultry,2018,177194286,LBY
Libya,Equidae,2018,18407899,LBY
Libya,Goats,2018,93918587,LBY
Libya,Sheep,2018,542532068,LBY
Libya,Hares / rabbits,2018,0,LBY
Libya,Camelidae,2018,29406150,LBY
Libya,Cervidae,2018,0,LBY
Libya,All,2014,747908328,LBY
Libya,All,2015,749201792,LBY
Libya,All,2016,540937674,LBY
Libya,All,2017,647639871,LBY
Libya,All,2018,914253933,LBY
Lithuania,Bovine,2018,320778737,LTU
Lithuania,Swine,2018,104449727,LTU
Lithuania,Poultry,2018,154250000,LTU
Lithuania,Equidae,2018,7815358,LTU
Lithuania,Goats,2018,515093,LTU
Lithuania,Sheep,2018,11857448,LTU
Lithuania,Hares / rabbits,2018,410814,LTU
Lithuania,Camelidae,2018,3600,LTU
Lithuania,Cervidae,2018,0,LTU
Lithuania,All,2014,625943241,LTU
Lithuania,All,2015,639304149,LTU
Lithuania,All,2016,626702720,LTU
Lithuania,All,2017,655749798,LTU
Lithuania,All,2018,603830868,LTU
Luxembourg,Bovine,2018,97017611,LUX
Luxembourg,Swine,2018,18348047,LUX
Luxembourg,Poultry,2018,422857,LUX
Luxembourg,Equidae,2018,2376260,LUX
Luxembourg,Goats,2018,168674,LUX
Luxembourg,Sheep,2018,625745,LUX
Luxembourg,Hares / rabbits,2018,0,LUX
Luxembourg,Camelidae,2018,0,LUX
Luxembourg,Cervidae,2018,0,LUX
Luxembourg,All,2014,115094374,LUX
Luxembourg,All,2015,119801239,LUX
Luxembourg,All,2016,123651552,LUX
Luxembourg,All,2017,123580534,LUX
Luxembourg,All,2018,118959194,LUX
Madagascar,Bovine,2018,2425170747,MDG
Madagascar,Swine,2018,106021896,MDG
Madagascar,Poultry,2018,120768571,MDG
Madagascar,Equidae,2018,175919,MDG
Madagascar,Goats,2018,8490541,MDG
Madagascar,Sheep,2018,51020702,MDG
Madagascar,Hares / rabbits,2018,1348168,MDG
Madagascar,Camelidae,2018,1350,MDG
Madagascar,Cervidae,2018,0,MDG
Madagascar,All,2014,1659905731,MDG
Madagascar,All,2015,2562596153,MDG
Madagascar,All,2016,2621868594,MDG
Madagascar,All,2017,2742518137,MDG
Madagascar,All,2018,2717407895,MDG
Malawi,Bovine,2018,406569542,MWI
Malawi,Swine,2018,501967178,MWI
Malawi,Poultry,2018,272310000,MWI
Malawi,Equidae,2018,4088973,MWI
Malawi,Goats,2018,313807164,MWI
Malawi,Sheep,2018,20903381,MWI
Malawi,Hares / rabbits,2018,0,MWI
Malawi,Camelidae,2018,0,MWI
Malawi,Cervidae,2018,0,MWI
Malawi,All,2014,837467786,MWI
Malawi,All,2015,942460349,MWI
Malawi,All,2016,1029735204,MWI
Malawi,All,2017,1214329614,MWI
Malawi,All,2018,1536116237,MWI
Malaysia,Bovine,2018,227890668,MYS
Malaysia,Swine,2018,329501385,MYS
Malaysia,Poultry,2018,2362408571,MYS
Malaysia,Equidae,2018,1055173,MYS
Malaysia,Goats,2018,13205115,MYS
Malaysia,Sheep,2018,9456043,MYS
Malaysia,Hares / rabbits,2018,0,MYS
Malaysia,Camelidae,2018,0,MYS
Malaysia,Cervidae,2018,1086320,MYS
Malaysia,All,2014,2817446697,MYS
Malaysia,All,2015,2925161782,MYS
Malaysia,All,2016,3102284519,MYS
Malaysia,All,2017,3016964587,MYS
Malaysia,All,2018,3162416636,MYS
Maldives,Bovine,2018,0,MDV
Maldives,Swine,2018,0,MDV
Maldives,Poultry,2018,0,MDV
Maldives,Equidae,2018,0,MDV
Maldives,Goats,2018,0,MDV
Maldives,Sheep,2018,0,MDV
Maldives,Hares / rabbits,2018,0,MDV
Maldives,Camelidae,2018,0,MDV
Maldives,Cervidae,2018,0,MDV
Maldives,All,2014,1196,MDV
Maldives,All,2015,0,MDV
Maldives,All,2016,-9289,MDV
Maldives,All,2017,0,MDV
Maldives,All,2018,0,MDV
Mali,Bovine,2018,2807338452,MLI
Mali,Swine,2018,5186892,MLI
Mali,Poultry,2018,69892857,MLI
Mali,Equidae,2018,140620978,MLI
Mali,Goats,2018,860335575,MLI
Mali,Sheep,2018,1247359568,MLI
Mali,Hares / rabbits,2018,0,MLI
Mali,Camelidae,2018,547541100,MLI
Mali,Cervidae,2018,0,MLI
Mali,All,2014,4599527157,MLI
Mali,All,2015,4710634402,MLI
Mali,All,2016,4978429365,MLI
Mali,All,2017,5551550503,MLI
Mali,All,2018,5683602422,MLI
Malta,Bovine,2018,5860617,MLT
Malta,Swine,2018,6463351,MLT
Malta,Poultry,2018,5457143,MLT
Malta,Equidae,2018,1529125,MLT
Malta,Goats,2018,194534,MLT
Malta,Sheep,2018,932878,MLT
Malta,Hares / rabbits,2018,3113826,MLT
Malta,Camelidae,2018,2250,MLT
Malta,Cervidae,2018,0,MLT
Malta,All,2014,25014495,MLT
Malta,All,2015,24419592,MLT
Malta,All,2016,23678357,MLT
Malta,All,2017,22659719,MLT
Malta,All,2018,33576099,MLT
Mauritania,Bovine,2018,696003501,MRT
Mauritania,Swine,2018,0,MRT
Mauritania,Poultry,2018,6844286,MRT
Mauritania,Equidae,2018,96024617,MRT
Mauritania,Goats,2018,255713297,MRT
Mauritania,Sheep,2018,804576852,MRT
Mauritania,Hares / rabbits,2018,0,MRT
Mauritania,Camelidae,2018,672927300,MRT
Mauritania,Cervidae,2018,0,MRT
Mauritania,All,2014,1366426483,MRT
Mauritania,All,2015,1513778219,MRT
Mauritania,All,2016,1643037529,MRT
Mauritania,All,2017,1536630522,MRT
Mauritania,All,2018,2532089852,MRT
Mauritius,Bovine,2018,2229426,MUS
Mauritius,Swine,2018,1163122,MUS
Mauritius,Poultry,2018,70144286,MUS
Mauritius,Equidae,2018,340000,MUS
Mauritius,Goats,2018,865418,MUS
Mauritius,Sheep,2018,198103,MUS
Mauritius,Hares / rabbits,2018,34502,MUS
Mauritius,Camelidae,2018,6750,MUS
Mauritius,Cervidae,2018,5600000,MUS
Mauritius,All,2014,79159204,MUS
Mauritius,All,2015,76938884,MUS
Mauritius,All,2016,77764703,MUS
Mauritius,All,2017,76486703,MUS
Mauritius,All,2018,82651207,MUS
Mexico,Bovine,2018,12026075923,MEX
Mexico,Swine,2018,2298050785,MEX
Mexico,Poultry,2018,4823712857,MEX
Mexico,Equidae,2018,716413775,MEX
Mexico,Goats,2018,311741627,MEX
Mexico,Sheep,2018,612970672,MEX
Mexico,Hares / rabbits,2018,12677440,MEX
Mexico,Camelidae,2018,0,MEX
Mexico,Cervidae,2018,0,MEX
Mexico,All,2014,18385166861,MEX
Mexico,All,2015,18740762988,MEX
Mexico,All,2016,19201468476,MEX
Mexico,All,2017,23450639233,MEX
Mexico,All,2018,22720213079,MEX
Mongolia,Bovine,2018,932350563,MNG
Mongolia,Swine,2018,1047044,MNG
Mongolia,Poultry,2018,371429,MNG
Mongolia,Equidae,2018,1104070926,MNG
Mongolia,Goats,2018,916732431,MNG
Mongolia,Sheep,2018,2120907133,MNG
Mongolia,Hares / rabbits,2018,0,MNG
Mongolia,Camelidae,2018,206864550,MNG
Mongolia,Cervidae,2018,178320,MNG
Mongolia,All,2014,4053794402,MNG
Mongolia,All,2015,4499823642,MNG
Mongolia,All,2016,4898146765,MNG
Mongolia,All,2017,5256420582,MNG
Mongolia,All,2018,5282522395,MNG
Montenegro,Bovine,2018,27765827,MNE
Montenegro,Swine,2018,5000489,MNE
Montenegro,Poultry,2018,5045714,MNE
Montenegro,Equidae,2018,2075023,MNE
Montenegro,Goats,2018,1565808,MNE
Montenegro,Sheep,2018,13904018,MNE
Montenegro,Hares / rabbits,2018,0,MNE
Montenegro,Camelidae,2018,0,MNE
Montenegro,Cervidae,2018,0,MNE
Montenegro,All,2014,44462022,MNE
Montenegro,All,2015,44326139,MNE
Montenegro,All,2016,53599375,MNE
Montenegro,All,2017,56012451,MNE
Montenegro,All,2018,56288879,MNE
Morocco,Bovine,2018,1197310884,MAR
Morocco,Swine,2018,982703,MAR
Morocco,Poultry,2018,1135475714,MAR
Morocco,Equidae,2018,375926127,MAR
Morocco,Goats,2018,205798291,MAR
Morocco,Sheep,2018,1385522079,MAR
Morocco,Hares / rabbits,2018,0,MAR
Morocco,Camelidae,2018,88987500,MAR
Morocco,Cervidae,2018,0,MAR
Morocco,All,2014,4014753238,MAR
Morocco,All,2015,3749440135,MAR
Morocco,All,2016,4010875032,MAR
Morocco,All,2017,4091854018,MAR
Morocco,All,2018,4390960298,MAR
Mozambique,Bovine,2018,474397187,MOZ
Mozambique,Swine,2018,150205439,MOZ
Mozambique,Poultry,2018,144778571,MOZ
Mozambique,Equidae,2018,10018532,MOZ
Mozambique,Goats,2018,137755530,MOZ
Mozambique,Sheep,2018,71715954,MOZ
Mozambique,Hares / rabbits,2018,849856,MOZ
Mozambique,Camelidae,2018,0,MOZ
Mozambique,Cervidae,2018,0,MOZ
Mozambique,All,2014,870299956,MOZ
Mozambique,All,2015,963602909,MOZ
Mozambique,All,2016,875995301,MOZ
Mozambique,All,2017,1002889716,MOZ
Mozambique,All,2018,992375069,MOZ
Myanmar,Bovine,2018,7055897318,MMR
Myanmar,Swine,2018,1914026129,MMR
Myanmar,Poultry,2018,2514822857,MMR
Myanmar,Equidae,2018,24549592,MMR
Myanmar,Goats,2018,446623742,MMR
Myanmar,Sheep,2018,94665364,MMR
Myanmar,Hares / rabbits,2018,0,MMR
Myanmar,Camelidae,2018,0,MMR
Myanmar,Cervidae,2018,0,MMR
Myanmar,All,2014,9754130364,MMR
Myanmar,All,2015,10183015596,MMR
Myanmar,All,2016,10534434510,MMR
Myanmar,All,2017,10825657235,MMR
Myanmar,All,2018,12056527003,MMR
Namibia,Bovine,2018,1099470226,NAM
Namibia,Swine,2018,9414654,NAM
Namibia,Poultry,2018,15440000,NAM
Namibia,Equidae,2018,74522400,NAM
Namibia,Goats,2018,68175423,NAM
Namibia,Sheep,2018,118054986,NAM
Namibia,Hares / rabbits,2018,0,NAM
Namibia,Camelidae,2018,30600,NAM
Namibia,Cervidae,2018,0,NAM
Namibia,All,2014,1356153636,NAM
Namibia,All,2015,1362087826,NAM
Namibia,All,2016,1600723004,NAM
Namibia,All,2017,1503878353,NAM
Namibia,All,2018,1385414288,NAM
Nepal,Bovine,2018,2696016528,NPL
Nepal,Swine,2018,67559856,NPL
Nepal,Poultry,2018,86288571,NPL
Nepal,Equidae,2018,15925913,NPL
Nepal,Goats,2018,421084111,NPL
Nepal,Sheep,2018,55132926,NPL
Nepal,Hares / rabbits,2018,0,NPL
Nepal,Camelidae,2018,0,NPL
Nepal,Cervidae,2018,0,NPL
Nepal,All,2014,3106427155,NPL
Nepal,All,2015,3373341673,NPL
Nepal,All,2016,3276422813,NPL
Nepal,All,2017,3420704859,NPL
Nepal,All,2018,3407871907,NPL
New Zealand,Bovine,2018,5510605199,NZL
New Zealand,Swine,2018,66742759,NZL
New Zealand,Poultry,2018,330877143,NZL
New Zealand,Equidae,2018,36080105,NZL
New Zealand,Goats,2018,7406671,NZL
New Zealand,Sheep,2018,1935425738,NZL
New Zealand,Hares / rabbits,2018,0,NZL
New Zealand,Camelidae,2018,4500000,NZL
New Zealand,Cervidae,2018,66800000,NZL
New Zealand,All,2014,6938473282,NZL
New Zealand,All,2015,7215834606,NZL
New Zealand,All,2016,7187878046,NZL
New Zealand,All,2017,7470682996,NZL
New Zealand,All,2018,8060490615,NZL
Nicaragua,Bovine,2018,1603613423,NIC
Nicaragua,Swine,2018,25095687,NIC
Nicaragua,Poultry,2018,199775714,NIC
Nicaragua,Equidae,2018,96049721,NIC
Nicaragua,Goats,2018,755953,NIC
Nicaragua,Sheep,2018,11970798,NIC
Nicaragua,Hares / rabbits,2018,0,NIC
Nicaragua,Camelidae,2018,0,NIC
Nicaragua,Cervidae,2018,0,NIC
Nicaragua,All,2014,1581634780,NIC
Nicaragua,All,2015,1591921968,NIC
Nicaragua,All,2016,1604042661,NIC
Nicaragua,All,2017,1577625426,NIC
Nicaragua,All,2018,1980697298,NIC
Niger,Bovine,2018,3302753329,NER
Niger,Swine,2018,2868090,NER
Niger,Poultry,2018,26818571,NER
Niger,Equidae,2018,522327149,NER
Niger,Goats,2018,579336234,NER
Niger,Sheep,2018,940464823,NER
Niger,Hares / rabbits,2018,0,NER
Niger,Camelidae,2018,815127750,NER
Niger,Cervidae,2018,0,NER
Niger,All,2014,5085331039,NER
Niger,All,2015,5245764112,NER
Niger,All,2016,5526672790,NER
Niger,All,2017,5625184705,NER
Niger,All,2018,6190045946,NER
Nigeria,Bovine,2018,4551783851,NGA
Nigeria,Swine,2018,556848970,NGA
Nigeria,Poultry,2018,371617143,NGA
Nigeria,Equidae,2018,351127437,NGA
Nigeria,Goats,2018,2740132516,NGA
Nigeria,Sheep,2018,2997235825,NGA
Nigeria,Hares / rabbits,2018,0,NGA
Nigeria,Camelidae,2018,126010350,NGA
Nigeria,Cervidae,2018,0,NGA
Nigeria,All,2014,10730842651,NGA
Nigeria,All,2015,10891084937,NGA
Nigeria,All,2016,11182866064,NGA
Nigeria,All,2017,11255359390,NGA
Nigeria,All,2018,11986079093,NGA
Norway,Bovine,2018,365307490,NOR
Norway,Swine,2018,193154931,NOR
Norway,Poultry,2018,140225714,NOR
Norway,Equidae,2018,12333922,NOR
Norway,Goats,2018,2416837,NOR
Norway,Sheep,2018,61164356,NOR
Norway,Hares / rabbits,2018,43467,NOR
Norway,Camelidae,2018,0,NOR
Norway,Cervidae,2018,17745360,NOR
Norway,All,2014,1574722051,NOR
Norway,All,2015,1543629170,NOR
Norway,All,2016,1569264041,NOR
Norway,All,2017,1635951904,NOR
Norway,All,2018,2095745077,NOR
Oman,Bovine,2018,94925339,OMN
Oman,Swine,2018,0,OMN
Oman,Poultry,2018,9474286,OMN
Oman,Equidae,2018,8654144,OMN
Oman,Goats,2018,104010672,OMN
Oman,Sheep,2018,41503784,OMN
Oman,Hares / rabbits,2018,0,OMN
Oman,Camelidae,2018,123059250,OMN
Oman,Cervidae,2018,0,OMN
Oman,All,2014,318092870,OMN
Oman,All,2015,326771897,OMN
Oman,All,2016,338592364,OMN
Oman,All,2017,363457657,OMN
Oman,All,2018,382078475,OMN
Pakistan,Bovine,2018,18074535719,PAK
Pakistan,Swine,2018,0,PAK
Pakistan,Poultry,2018,1994455714,PAK
Pakistan,Equidae,2018,1647682193,PAK
Pakistan,Goats,2018,2656194338,PAK
Pakistan,Sheep,2018,2001166173,PAK
Pakistan,Hares / rabbits,2018,0,PAK
Pakistan,Camelidae,2018,484200000,PAK
Pakistan,Cervidae,2018,0,PAK
Pakistan,All,2014,22414833189,PAK
Pakistan,All,2015,25236629686,PAK
Pakistan,All,2016,24941431436,PAK
Pakistan,All,2017,26844372685,PAK
Pakistan,All,2018,27017317138,PAK
Panama,Bovine,2018,472800214,PAN
Panama,Swine,2018,68487924,PAN
Panama,Poultry,2018,293312857,PAN
Panama,Equidae,2018,17143318,PAN
Panama,Goats,2018,0,PAN
Panama,Sheep,2018,0,PAN
Panama,Hares / rabbits,2018,0,PAN
Panama,Camelidae,2018,0,PAN
Panama,Cervidae,2018,0,PAN
Panama,All,2014,846834200,PAN
Panama,All,2015,855299987,PAN
Panama,All,2016,876381496,PAN
Panama,All,2017,849263674,PAN
Panama,All,2018,860161312,PAN
Papua New Guinea,Bovine,2018,20750504,PNG
Papua New Guinea,Swine,2018,149848462,PNG
Papua New Guinea,Poultry,2018,9425714,PNG
Papua New Guinea,Equidae,2018,280218,PNG
Papua New Guinea,Goats,2018,827317,PNG
Papua New Guinea,Sheep,2018,1083335,PNG
Papua New Guinea,Hares / rabbits,2018,0,PNG
Papua New Guinea,Camelidae,2018,0,PNG
Papua New Guinea,Cervidae,2018,4000000,PNG
Papua New Guinea,All,2014,176253269,PNG
Papua New Guinea,All,2015,178872798,PNG
Papua New Guinea,All,2016,182339405,PNG
Papua New Guinea,All,2017,184835668,PNG
Papua New Guinea,All,2018,209818549,PNG
Paraguay,Bovine,2018,4572778439,PRY
Paraguay,Swine,2018,83036677,PRY
Paraguay,Poultry,2018,105737143,PRY
Paraguay,Equidae,2018,73881108,PRY
Paraguay,Goats,2018,4776684,PRY
Paraguay,Sheep,2018,19693318,PRY
Paraguay,Hares / rabbits,2018,0,PRY
Paraguay,Camelidae,2018,0,PRY
Paraguay,Cervidae,2018,0,PRY
Paraguay,All,2014,5132832630,PRY
Paraguay,All,2015,5056085221,PRY
Paraguay,All,2016,4793945174,PRY
Paraguay,All,2017,4963509589,PRY
Paraguay,All,2018,4871439369,PRY
Peru,Bovine,2018,1744999482,PER
Peru,Swine,2018,288554762,PER
Peru,Poultry,2018,2259667143,PER
Peru,Equidae,2018,421112894,PER
Peru,Goats,2018,37750660,PER
Peru,Sheep,2018,666534970,PER
Peru,Hares / rabbits,2018,8883819,PER
Peru,Camelidae,2018,366550600,PER
Peru,Cervidae,2018,0,PER
Peru,All,2014,5243411980,PER
Peru,All,2015,5282547933,PER
Peru,All,2016,5407919794,PER
Peru,All,2017,5678622720,PER
Peru,All,2018,5897651329,PER
Philippines,Bovine,2018,1734192657,PHL
Philippines,Swine,2018,3028981365,PHL
Philippines,Poultry,2018,1986848571,PHL
Philippines,Equidae,2018,62888720,PHL
Philippines,Goats,2018,178406916,PHL
Philippines,Sheep,2018,2210285,PHL
Philippines,Hares / rabbits,2018,0,PHL
Philippines,Camelidae,2018,0,PHL
Philippines,Cervidae,2018,0,PHL
Philippines,All,2014,6709625492,PHL
Philippines,All,2015,6902993867,PHL
Philippines,All,2016,6320819527,PHL
Philippines,All,2017,6259534258,PHL
Philippines,All,2018,7819588414,PHL
Poland,Bovine,2018,2661457310,POL
Poland,Swine,2018,2954146332,POL
Poland,Poultry,2018,3509242857,POL
Poland,Equidae,2018,156713902,POL
Poland,Goats,2018,1644855,POL
Poland,Sheep,2018,19974075,POL
Poland,Hares / rabbits,2018,0,POL
Poland,Camelidae,2018,0,POL
Poland,Cervidae,2018,0,POL
Poland,All,2014,7969384456,POL
Poland,All,2015,8124038629,POL
Poland,All,2016,8270120178,POL
Poland,All,2017,8259472482,POL
Poland,All,2018,9346540667,POL
Portugal,Bovine,2018,743506168,PRT
Portugal,Swine,2018,536987804,PRT
Portugal,Poultry,2018,491228571,PRT
Portugal,Equidae,2018,45329890,PRT
Portugal,Goats,2018,11360364,PRT
Portugal,Sheep,2018,151329013,PRT
Portugal,Hares / rabbits,2018,0,PRT
Portugal,Camelidae,2018,0,PRT
Portugal,Cervidae,2018,168000,PRT
Portugal,All,2014,1807266567,PRT
Portugal,All,2015,1873028242,PRT
Portugal,All,2016,1908574853,PRT
Portugal,All,2017,1994371632,PRT
Portugal,All,2018,1989209811,PRT
Qatar,Bovine,2018,5478042,QAT
Qatar,Swine,2018,0,QAT
Qatar,Poultry,2018,14218571,QAT
Qatar,Equidae,2018,5667168,QAT
Qatar,Goats,2018,19536370,QAT
Qatar,Sheep,2018,71201560,QAT
Qatar,Hares / rabbits,2018,0,QAT
Qatar,Camelidae,2018,56870100,QAT
Qatar,Cervidae,2018,0,QAT
Qatar,All,2014,100226290,QAT
Qatar,All,2015,63346870,QAT
Qatar,All,2016,132604328,QAT
Qatar,All,2017,154594485,QAT
Qatar,All,2018,172981811,QAT
Romania,Bovine,2018,871293167,ROU
Romania,Swine,2018,618777057,ROU
Romania,Poultry,2018,685524286,ROU
Romania,Equidae,2018,169844498,ROU
Romania,Goats,2018,55807343,ROU
Romania,Sheep,2018,796789556,ROU
Romania,Hares / rabbits,2018,1442578,ROU
Romania,Camelidae,2018,0,ROU
Romania,Cervidae,2018,0,ROU
Romania,All,2014,3486974570,ROU
Romania,All,2015,3408632405,ROU
Romania,All,2016,3532071249,ROU
Romania,All,2017,3165890823,ROU
Romania,All,2018,3205665485,ROU
Rwanda,Bovine,2018,270713248,RWA
Rwanda,Swine,2018,42540522,RWA
Rwanda,Poultry,2018,26745714,RWA
Rwanda,Equidae,2018,15798,RWA
Rwanda,Goats,2018,92158638,RWA
Rwanda,Sheep,2018,43287481,RWA
Rwanda,Hares / rabbits,2018,11511397,RWA
Rwanda,Camelidae,2018,7650,RWA
Rwanda,Cervidae,2018,0,RWA
Rwanda,All,2014,434032699,RWA
Rwanda,All,2015,519342639,RWA
Rwanda,All,2016,450484337,RWA
Rwanda,All,2017,366362561,RWA
Rwanda,All,2018,518445447,RWA
Saint Lucia,Bovine,2018,676901,LCA
Saint Lucia,Swine,2018,985541,LCA
Saint Lucia,Poultry,2018,2052857,LCA
Saint Lucia,Equidae,2018,100248,LCA
Saint Lucia,Goats,2018,259461,LCA
Saint Lucia,Sheep,2018,126668,LCA
Saint Lucia,Hares / rabbits,2018,0,LCA
Saint Lucia,Camelidae,2018,0,LCA
Saint Lucia,Cervidae,2018,0,LCA
Saint Lucia,All,2014,8325087,LCA
Saint Lucia,All,2015,8279151,LCA
Saint Lucia,All,2016,8233296,LCA
Saint Lucia,All,2017,8294972,LCA
Saint Lucia,All,2018,4216676,LCA
San Marino,Bovine,2018,480002,SMR
San Marino,Swine,2018,0,SMR
San Marino,Poultry,2018,0,SMR
San Marino,Equidae,2018,49951,SMR
San Marino,Goats,2018,0,SMR
San Marino,Sheep,2018,0,SMR
San Marino,Hares / rabbits,2018,0,SMR
San Marino,Camelidae,2018,0,SMR
San Marino,Cervidae,2018,0,SMR
San Marino,All,2014,512934,SMR
San Marino,All,2015,517969,SMR
San Marino,All,2016,525302,SMR
San Marino,All,2017,0,SMR
San Marino,All,2018,529954,SMR
Sao Tome and Principe,Bovine,2018,325201,STP
Sao Tome and Principe,Swine,2018,1472514,STP
Sao Tome and Principe,Poultry,2018,941429,STP
Sao Tome and Principe,Equidae,2018,12276,STP
Sao Tome and Principe,Goats,2018,1022438,STP
Sao Tome and Principe,Sheep,2018,288271,STP
Sao Tome and Principe,Hares / rabbits,2018,0,STP
Sao Tome and Principe,Camelidae,2018,0,STP
Sao Tome and Principe,Cervidae,2018,0,STP
Sao Tome and Principe,All,2014,2628074,STP
Sao Tome and Principe,All,2015,2705651,STP
Sao Tome and Principe,All,2016,2933436,STP
Sao Tome and Principe,All,2017,3335183,STP
Sao Tome and Principe,All,2018,4062129,STP
Saudi Arabia,Bovine,2018,97885059,SAU
Saudi Arabia,Swine,2018,0,SAU
Saudi Arabia,Poultry,2018,1014285714,SAU
Saudi Arabia,Equidae,2018,10284777,SAU
Saudi Arabia,Goats,2018,161912393,SAU
Saudi Arabia,Sheep,2018,684889595,SAU
Saudi Arabia,Hares / rabbits,2018,0,SAU
Saudi Arabia,Camelidae,2018,220802400,SAU
Saudi Arabia,Cervidae,2018,0,SAU
Saudi Arabia,All,2014,2138133248,SAU
Saudi Arabia,All,2015,2148963655,SAU
Saudi Arabia,All,2016,1941532620,SAU
Saudi Arabia,All,2017,1949890819,SAU
Saudi Arabia,All,2018,2267812939,SAU
Senegal,Bovine,2018,809578767,SEN
Senegal,Swine,2018,30783554,SEN
Senegal,Poultry,2018,139932857,SEN
Senegal,Equidae,2018,256954373,SEN
Senegal,Goats,2018,207542467,SEN
Senegal,Sheep,2018,478039420,SEN
Senegal,Hares / rabbits,2018,0,SEN
Senegal,Camelidae,2018,2245050,SEN
Senegal,Cervidae,2018,0,SEN
Senegal,All,2014,1723331768,SEN
Senegal,All,2015,1743431563,SEN
Senegal,All,2016,1759577018,SEN
Senegal,All,2017,1685573055,SEN
Senegal,All,2018,1926085488,SEN
Serbia,Bovine,2018,284390793,SRB
Serbia,Swine,2018,461160431,SRB
Serbia,Poultry,2018,136508571,SRB
Serbia,Equidae,2018,5371190,SRB
Serbia,Goats,2018,9700221,SRB
Serbia,Sheep,2018,118293662,SRB
Serbia,Hares / rabbits,2018,0,SRB
Serbia,Camelidae,2018,0,SRB
Serbia,Cervidae,2018,10400000,SRB
Serbia,All,2014,996092589,SRB
Serbia,All,2015,963318885,SRB
Serbia,All,2016,954118160,SRB
Serbia,All,2017,985499608,SRB
Serbia,All,2018,1033163869,SRB
Seychelles,Bovine,2018,56658,SYC
Seychelles,Swine,2018,682426,SYC
Seychelles,Poultry,2018,868571,SYC
Seychelles,Equidae,2018,0,SYC
Seychelles,Goats,2018,192182,SYC
Seychelles,Sheep,2018,0,SYC
Seychelles,Hares / rabbits,2018,0,SYC
Seychelles,Camelidae,2018,0,SYC
Seychelles,Cervidae,2018,0,SYC
Seychelles,All,2014,1227030,SYC
Seychelles,All,2015,976621,SYC
Seychelles,All,2016,1465730,SYC
Seychelles,All,2017,1665642,SYC
Seychelles,All,2018,1799838,SYC
Sierra Leone,Bovine,2018,117078612,SLE
Sierra Leone,Swine,2018,6788736,SLE
Sierra Leone,Poultry,2018,21744286,SLE
Sierra Leone,Equidae,2018,108257013,SLE
Sierra Leone,Goats,2018,25491338,SLE
Sierra Leone,Sheep,2018,65436255,SLE
Sierra Leone,Hares / rabbits,2018,17354685,SLE
Sierra Leone,Camelidae,2018,0,SLE
Sierra Leone,Cervidae,2018,0,SLE
Sierra Leone,All,2014,380627824,SLE
Sierra Leone,All,2015,388245333,SLE
Sierra Leone,All,2016,336341642,SLE
Sierra Leone,All,2017,332621606,SLE
Sierra Leone,All,2018,362235925,SLE
Singapore,Bovine,2018,77475,SGP
Singapore,Swine,2018,25142308,SGP
Singapore,Poultry,2018,152541429,SGP
Singapore,Equidae,2018,610910,SGP
Singapore,Goats,2018,21931,SGP
Singapore,Sheep,2018,0,SGP
Singapore,Hares / rabbits,2018,0,SGP
Singapore,Camelidae,2018,0,SGP
Singapore,Cervidae,2018,0,SGP
Singapore,All,2014,1096540128,SGP
Singapore,All,2015,1496082580,SGP
Singapore,All,2016,178286268,SGP
Singapore,All,2017,175489722,SGP
Singapore,All,2018,706725052,SGP
Slovakia,Bovine,2018,218737383,SVK
Slovakia,Swine,2018,96326605,SVK
Slovakia,Poultry,2018,106442857,SVK
Slovakia,Equidae,2018,6705213,SVK
Slovakia,Goats,2018,703615,SVK
Slovakia,Sheep,2018,24893224,SVK
Slovakia,Hares / rabbits,2018,0,SVK
Slovakia,Camelidae,2018,0,SVK
Slovakia,Cervidae,2018,0,SVK
Slovakia,All,2014,439676357,SVK
Slovakia,All,2015,435562572,SVK
Slovakia,All,2016,452163910,SVK
Slovakia,All,2017,457870807,SVK
Slovakia,All,2018,456454897,SVK
Slovenia,Bovine,2018,232737166,SVN
Slovenia,Swine,2018,45396865,SVN
Slovenia,Poultry,2018,98814286,SVN
Slovenia,Equidae,2018,12895621,SVN
Slovenia,Goats,2018,946203,SVN
Slovenia,Sheep,2018,7090333,SVN
Slovenia,Hares / rabbits,2018,517759,SVN
Slovenia,Camelidae,2018,0,SVN
Slovenia,Cervidae,2018,703200,SVN
Slovenia,All,2014,363913562,SVN
Slovenia,All,2015,367284425,SVN
Slovenia,All,2016,393664659,SVN
Slovenia,All,2017,405228067,SVN
Slovenia,All,2018,400105433,SVN
Somalia,Bovine,2018,811133394,SOM
Somalia,Swine,2018,219813,SOM
Somalia,Poultry,2018,5445714,SOM
Somalia,Equidae,2018,12224345,SOM
Somalia,Goats,2018,966625306,SOM
Somalia,Sheep,2018,994085132,SOM
Somalia,Hares / rabbits,2018,0,SOM
Somalia,Camelidae,2018,3150000000,SOM
Somalia,Cervidae,2018,0,SOM
Somalia,All,2014,1889104315,SOM
Somalia,All,2015,5757192004,SOM
Somalia,All,2016,5729345668,SOM
Somalia,All,2017,5944975831,SOM
Somalia,All,2018,5939733704,SOM
South Africa,Bovine,2018,4755580858,ZAF
South Africa,Swine,2018,372161590,ZAF
South Africa,Poultry,2018,2516924286,ZAF
South Africa,Equidae,2018,195593600,ZAF
South Africa,Goats,2018,1794206569,ZAF
South Africa,Sheep,2018,1624875428,ZAF
South Africa,Hares / rabbits,2018,0,ZAF
South Africa,Camelidae,2018,0,ZAF
South Africa,Cervidae,2018,0,ZAF
South Africa,All,2014,9802930376,ZAF
South Africa,All,2015,10150027928,ZAF
South Africa,All,2016,9763842464,ZAF
South Africa,All,2017,9486498882,ZAF
South Africa,All,2018,11265523711,ZAF
Spain,Bovine,2018,2568351925,ESP
Spain,Swine,2018,6309955337,ESP
Spain,Poultry,2018,2230814286,ESP
Spain,Equidae,2018,327616555,ESP
Spain,Goats,2018,98998453,ESP
Spain,Sheep,2018,1136913749,ESP
Spain,Hares / rabbits,2018,126044526,ESP
Spain,Camelidae,2018,0,ESP
Spain,Cervidae,2018,0,ESP
Spain,All,2014,10382261100,ESP
Spain,All,2015,11646816651,ESP
Spain,All,2016,12478857316,ESP
Spain,All,2017,12429524358,ESP
Spain,All,2018,13146508151,ESP
Sri Lanka,Bovine,2018,302059654,LKA
Sri Lanka,Swine,2018,3883871,LKA
Sri Lanka,Poultry,2018,279672857,LKA
Sri Lanka,Equidae,2018,383899,LKA
Sri Lanka,Goats,2018,10542493,LKA
Sri Lanka,Sheep,2018,751021,LKA
Sri Lanka,Hares / rabbits,2018,0,LKA
Sri Lanka,Camelidae,2018,0,LKA
Sri Lanka,Cervidae,2018,0,LKA
Sri Lanka,All,2014,494634254,LKA
Sri Lanka,All,2015,565813581,LKA
Sri Lanka,All,2016,696274552,LKA
Sri Lanka,All,2017,696950213,LKA
Sri Lanka,All,2018,627697275,LKA
Sudan,Bovine,2018,6492134969,SDN
Sudan,Swine,2018,0,SDN
Sudan,Poultry,2018,100000000,SDN
Sudan,Equidae,2018,2249500032,SDN
Sudan,Goats,2018,1093983842,SDN
Sudan,Sheep,2018,2788364290,SDN
Sudan,Hares / rabbits,2018,0,SDN
Sudan,Camelidae,2018,2192400000,SDN
Sudan,Cervidae,2018,0,SDN
Sudan,All,2014,12807068318,SDN
Sudan,All,2015,14575174014,SDN
Sudan,All,2016,14709579027,SDN
Sudan,All,2017,14790854634,SDN
Sudan,All,2018,14926383133,SDN
Suriname,Bovine,2018,11929032,SUR
Suriname,Swine,2018,3426149,SUR
Suriname,Poultry,2018,15538571,SUR
Suriname,Equidae,2018,86547,SUR
Suriname,Goats,2018,131775,SUR
Suriname,Sheep,2018,430389,SUR
Suriname,Hares / rabbits,2018,0,SUR
Suriname,Camelidae,2018,0,SUR
Suriname,Cervidae,2018,0,SUR
Suriname,All,2014,25601984,SUR
Suriname,All,2015,26396390,SUR
Suriname,All,2016,27259290,SUR
Suriname,All,2017,29667681,SUR
Suriname,All,2018,31652464,SUR
Eswatini,Bovine,2018,186701097,SWZ
Eswatini,Swine,2018,2625036,SWZ
Eswatini,Poultry,2018,8908571,SWZ
Eswatini,Equidae,2018,4023200,SWZ
Eswatini,Goats,2018,16495069,SWZ
Eswatini,Sheep,2018,802146,SWZ
Eswatini,Hares / rabbits,2018,0,SWZ
Eswatini,Camelidae,2018,5400,SWZ
Eswatini,Cervidae,2018,0,SWZ
Eswatini,All,2014,257035542,SWZ
Eswatini,All,2015,265402322,SWZ
Eswatini,All,2016,233056762,SWZ
Eswatini,All,2017,221910067,SWZ
Eswatini,All,2018,219660520,SWZ
Sweden,Bovine,2018,628911297,SWE
Sweden,Swine,2018,380880643,SWE
Sweden,Poultry,2018,215028571,SWE
Sweden,Equidae,2018,181201309,SWE
Sweden,Goats,2018,0,SWE
Sweden,Sheep,2018,40885586,SWE
Sweden,Hares / rabbits,2018,0,SWE
Sweden,Camelidae,2018,0,SWE
Sweden,Cervidae,2018,0,SWE
Sweden,All,2014,1369393144,SWE
Sweden,All,2015,1382146494,SWE
Sweden,All,2016,1398350654,SWE
Sweden,All,2017,1416492440,SWE
Sweden,All,2018,1462681407,SWE
Switzerland,Bovine,2018,643896546,CHE
Switzerland,Swine,2018,326751110,CHE
Switzerland,Poultry,2018,139208571,CHE
Switzerland,Equidae,2018,40743025,CHE
Switzerland,Goats,2018,2810735,CHE
Switzerland,Sheep,2018,23186689,CHE
Switzerland,Hares / rabbits,2018,2639277,CHE
Switzerland,Camelidae,2018,4085100,CHE
Switzerland,Cervidae,2018,930720,CHE
Switzerland,All,2014,1183244334,CHE
Switzerland,All,2015,1188628867,CHE
Switzerland,All,2016,1172870354,CHE
Switzerland,All,2017,1174552933,CHE
Switzerland,All,2018,1184611773,CHE
Tajikistan,Bovine,2018,742065388,TJK
Tajikistan,Swine,2018,2375964,TJK
Tajikistan,Poultry,2018,10192857,TJK
Tajikistan,Equidae,2018,77870445,TJK
Tajikistan,Goats,2018,0,TJK
Tajikistan,Sheep,2018,249467648,TJK
Tajikistan,Hares / rabbits,2018,0,TJK
Tajikistan,Camelidae,2018,28350,TJK
Tajikistan,Cervidae,2018,0,TJK
Tajikistan,All,2014,839947999,TJK
Tajikistan,All,2015,915535608,TJK
Tajikistan,All,2016,924927503,TJK
Tajikistan,All,2017,950915771,TJK
Tajikistan,All,2018,1082512652,TJK
Thailand,Bovine,2018,2357759650,THA
Thailand,Swine,2018,1434090873,THA
Thailand,Poultry,2018,2483110000,THA
Thailand,Equidae,2018,1358372,THA
Thailand,Goats,2018,25840366,THA
Thailand,Sheep,2018,4132729,THA
Thailand,Hares / rabbits,2018,0,THA
Thailand,Camelidae,2018,11700,THA
Thailand,Cervidae,2018,235120,THA
Thailand,All,2014,5635462602,THA
Thailand,All,2015,5724659457,THA
Thailand,All,2016,6138678166,THA
Thailand,All,2017,6638742505,THA
Thailand,All,2018,7226178811,THA
Timor-Leste,Bovine,2018,71092715,TLS
Timor-Leste,Swine,2018,22517259,TLS
Timor-Leste,Poultry,2018,1327143,TLS
Timor-Leste,Equidae,2018,14361456,TLS
Timor-Leste,Goats,2018,2544634,TLS
Timor-Leste,Sheep,2018,3003436,TLS
Timor-Leste,Hares / rabbits,2018,0,TLS
Timor-Leste,Camelidae,2018,0,TLS
Timor-Leste,Cervidae,2018,0,TLS
Timor-Leste,All,2014,101260195,TLS
Timor-Leste,All,2015,123103594,TLS
Timor-Leste,All,2016,123024960,TLS
Timor-Leste,All,2017,116422386,TLS
Timor-Leste,All,2018,114956644,TLS
Togo,Bovine,2018,103887837,TGO
Togo,Swine,2018,47229060,TGO
Togo,Poultry,2018,59721429,TGO
Togo,Equidae,2018,1295158,TGO
Togo,Goats,2018,133382398,TGO
Togo,Sheep,2018,108396354,TGO
Togo,Hares / rabbits,2018,0,TGO
Togo,Camelidae,2018,0,TGO
Togo,Cervidae,2018,0,TGO
Togo,All,2014,354684416,TGO
Togo,All,2015,382759288,TGO
Togo,All,2016,397308318,TGO
Togo,All,2017,431123930,TGO
Togo,All,2018,454202235,TGO
Trinidad and Tobago,Bovine,2018,13920814,TTO
Trinidad and Tobago,Swine,2018,3541422,TTO
Trinidad and Tobago,Poultry,2018,92915714,TTO
Trinidad and Tobago,Equidae,2018,1945805,TTO
Trinidad and Tobago,Goats,2018,312999,TTO
Trinidad and Tobago,Sheep,2018,921126,TTO
Trinidad and Tobago,Hares / rabbits,2018,13043,TTO
Trinidad and Tobago,Camelidae,2018,0,TTO
Trinidad and Tobago,Cervidae,2018,0,TTO
Trinidad and Tobago,All,2014,109684733,TTO
Trinidad and Tobago,All,2015,82855370,TTO
Trinidad and Tobago,All,2016,100227721,TTO
Trinidad and Tobago,All,2017,105072825,TTO
Trinidad and Tobago,All,2018,113578373,TTO
Tunisia,Bovine,2018,307123435,TUN
Tunisia,Swine,2018,276594,TUN
Tunisia,Poultry,2018,308417143,TUN
Tunisia,Equidae,2018,45839738,TUN
Tunisia,Goats,2018,44516487,TUN
Tunisia,Sheep,2018,450648323,TUN
Tunisia,Hares / rabbits,2018,0,TUN
Tunisia,Camelidae,2018,25200000,TUN
Tunisia,Cervidae,2018,0,TUN
Tunisia,All,2014,1116626682,TUN
Tunisia,All,2015,1096612657,TUN
Tunisia,All,2016,1103490288,TUN
Tunisia,All,2017,911384057,TUN
Tunisia,All,2018,1198480721,TUN
Turkey,Bovine,2018,4993732633,TUR
Turkey,Swine,2018,0,TUR
Turkey,Poultry,2018,3185431429,TUR
Turkey,Equidae,2018,97707684,TUR
Turkey,Goats,2018,422241094,TUR
Turkey,Sheep,2018,2489930714,TUR
Turkey,Hares / rabbits,2018,76177,TUR
Turkey,Camelidae,2018,768600,TUR
Turkey,Cervidae,2018,0,TUR
Turkey,All,2014,9060061576,TUR
Turkey,All,2015,9523642270,TUR
Turkey,All,2016,9309555207,TUR
Turkey,All,2017,10006594695,TUR
Turkey,All,2018,11470912330,TUR
Turkmenistan,Bovine,2018,756675749,TKM
Turkmenistan,Swine,2018,512279,TKM
Turkmenistan,Poultry,2018,29805714,TKM
Turkmenistan,Equidae,2018,4922159,TKM
Turkmenistan,Goats,2018,85587910,TKM
Turkmenistan,Sheep,2018,999075931,TKM
Turkmenistan,Hares / rabbits,2018,0,TKM
Turkmenistan,Camelidae,2018,57690000,TKM
Turkmenistan,Cervidae,2018,0,TKM
Turkmenistan,All,2014,1598084314,TKM
Turkmenistan,All,2015,1659102775,TKM
Turkmenistan,All,2016,1667813822,TKM
Turkmenistan,All,2017,1706086756,TKM
Turkmenistan,All,2018,1934339741,TKM
Uganda,Bovine,2018,3182558755,UGA
Uganda,Swine,2018,266433550,UGA
Uganda,Poultry,2018,95698571,UGA
Uganda,Equidae,2018,5228294,UGA
Uganda,Goats,2018,562529316,UGA
Uganda,Sheep,2018,331369087,UGA
Uganda,Hares / rabbits,2018,0,UGA
Uganda,Camelidae,2018,0,UGA
Uganda,Cervidae,2018,0,UGA
Uganda,All,2014,4097645837,UGA
Uganda,All,2015,4112248120,UGA
Uganda,All,2016,4215988329,UGA
Uganda,All,2017,4384024673,UGA
Uganda,All,2018,4547554573,UGA
Ukraine,Bovine,2018,1079779197,UKR
Ukraine,Swine,2018,974114191,UKR
Ukraine,Poultry,2018,1838265714,UKR
Ukraine,Equidae,2018,71976101,UKR
Ukraine,Goats,2018,19586832,UKR
Ukraine,Sheep,2018,59524675,UKR
Ukraine,Hares / rabbits,2018,15113784,UKR
Ukraine,Camelidae,2018,374400,UKR
Ukraine,Cervidae,2018,0,UKR
Ukraine,All,2014,4130460439,UKR
Ukraine,All,2015,4072052432,UKR
Ukraine,All,2016,4033259200,UKR
Ukraine,All,2017,3988858077,UKR
Ukraine,All,2018,4077330325,UKR
United Arab Emirates,Bovine,2018,23992662,ARE
United Arab Emirates,Swine,2018,0,ARE
United Arab Emirates,Poultry,2018,68938571,ARE
United Arab Emirates,Equidae,2018,10578714,ARE
United Arab Emirates,Goats,2018,133559526,ARE
United Arab Emirates,Sheep,2018,150183271,ARE
United Arab Emirates,Hares / rabbits,2018,0,ARE
United Arab Emirates,Camelidae,2018,213420600,ARE
United Arab Emirates,Cervidae,2018,200000,ARE
United Arab Emirates,All,2014,521571864,ARE
United Arab Emirates,All,2015,524891602,ARE
United Arab Emirates,All,2016,548882868,ARE
United Arab Emirates,All,2017,582347635,ARE
United Arab Emirates,All,2018,604103344,ARE
Uruguay,Bovine,2018,3996326567,URY
Uruguay,Swine,2018,19547934,URY
Uruguay,Poultry,2018,45258571,URY
Uruguay,Equidae,2018,139211435,URY
Uruguay,Goats,2018,0,URY
Uruguay,Sheep,2018,488528940,URY
Uruguay,Hares / rabbits,2018,588378,URY
Uruguay,Camelidae,2018,0,URY
Uruguay,Cervidae,2018,0,URY
Uruguay,All,2014,4639871833,URY
Uruguay,All,2015,4663862204,URY
Uruguay,All,2016,4739688110,URY
Uruguay,All,2017,4617520176,URY
Uruguay,All,2018,4689563599,URY
Uzbekistan,Bovine,2018,4014808048,UZB
Uzbekistan,Swine,2018,8654062,UZB
Uzbekistan,Poultry,2018,83894286,UZB
Uzbekistan,Equidae,2018,85478558,UZB
Uzbekistan,Goats,2018,0,UZB
Uzbekistan,Sheep,2018,1272854376,UZB
Uzbekistan,Hares / rabbits,2018,251587,UZB
Uzbekistan,Camelidae,2018,8100000,UZB
Uzbekistan,Cervidae,2018,0,UZB
Uzbekistan,All,2014,4155823092,UZB
Uzbekistan,All,2015,4419440090,UZB
Uzbekistan,All,2016,4756345731,UZB
Uzbekistan,All,2017,4776761191,UZB
Uzbekistan,All,2018,5564183916,UZB
Vanuatu,Bovine,2018,37671848,VUT
Vanuatu,Swine,2018,6932006,VUT
Vanuatu,Poultry,2018,1740000,VUT
Vanuatu,Equidae,2018,2076416,VUT
Vanuatu,Goats,2018,1022218,VUT
Vanuatu,Sheep,2018,0,VUT
Vanuatu,Hares / rabbits,2018,0,VUT
Vanuatu,Camelidae,2018,0,VUT
Vanuatu,Cervidae,2018,0,VUT
Vanuatu,All,2014,44686651,VUT
Vanuatu,All,2015,58432182,VUT
Vanuatu,All,2016,47259327,VUT
Vanuatu,All,2017,50010772,VUT
Vanuatu,All,2018,49448692,VUT
Viet Nam,Bovine,2018,2506984304,VNM
Viet Nam,Swine,2018,5486838462,VNM
Viet Nam,Poultry,2018,1329000000,VNM
Viet Nam,Equidae,2018,13421330,VNM
Viet Nam,Goats,2018,109866551,VNM
Viet Nam,Sheep,2018,0,VNM
Viet Nam,Hares / rabbits,2018,0,VNM
Viet Nam,Camelidae,2018,0,VNM
Viet Nam,Cervidae,2018,0,VNM
Viet Nam,All,2014,8260183869,VNM
Viet Nam,All,2015,8407224080,VNM
Viet Nam,All,2016,8807874934,VNM
Viet Nam,All,2017,11790437732,VNM
Viet Nam,All,2018,13589560647,VNM
Yemen,Bovine,2018,442746308,YEM
Yemen,Swine,2018,0,YEM
Yemen,Poultry,2018,260735714,YEM
Yemen,Equidae,2018,278048281,YEM
Yemen,Goats,2018,407202000,YEM
Yemen,Sheep,2018,639508164,YEM
Yemen,Hares / rabbits,2018,0,YEM
Yemen,Camelidae,2018,194157900,YEM
Yemen,Cervidae,2018,0,YEM
Yemen,All,2014,2070343833,YEM
Yemen,All,2015,2027867892,YEM
Yemen,All,2016,2341665632,YEM
Yemen,All,2017,1671822140,YEM
Yemen,All,2018,2222398368,YEM
Zambia,Bovine,2018,872699712,ZMB
Zambia,Swine,2018,63808237,ZMB
Zambia,Poultry,2018,71337143,ZMB
Zambia,Equidae,2018,582915,ZMB
Zambia,Goats,2018,95531097,ZMB
Zambia,Sheep,2018,17919150,ZMB
Zambia,Hares / rabbits,2018,0,ZMB
Zambia,Camelidae,2018,0,ZMB
Zambia,Cervidae,2018,0,ZMB
Zambia,All,2014,1147543516,ZMB
Zambia,All,2015,1032442923,ZMB
Zambia,All,2016,1262368380,ZMB
Zambia,All,2017,1088541631,ZMB
Zambia,All,2018,1151443252,ZMB
Zimbabwe,Bovine,2018,2119240451,ZWE
Zimbabwe,Swine,2018,19028308,ZWE
Zimbabwe,Poultry,2018,88910000,ZWE
Zimbabwe,Equidae,2018,171620000,ZWE
Zimbabwe,Goats,2018,125720379,ZWE
Zimbabwe,Sheep,2018,37563835,ZWE
Zimbabwe,Hares / rabbits,2018,0,ZWE
Zimbabwe,Camelidae,2018,0,ZWE
Zimbabwe,Cervidae,2018,0,ZWE
Zimbabwe,All,2014,2392625643,ZWE
Zimbabwe,All,2015,2509355461,ZWE
Zimbabwe,All,2016,2454264869,ZWE
Zimbabwe,All,2017,2571405053,ZWE
Zimbabwe,All,2018,2573039572,ZWE
Saint Kitts and Nevis,Bovine,2018,589346,KNA
Saint Kitts and Nevis,Swine,2018,242356,KNA
Saint Kitts and Nevis,Poultry,2018,28571,KNA
Saint Kitts and Nevis,Equidae,2018,0,KNA
Saint Kitts and Nevis,Goats,2018,132240,KNA
Saint Kitts and Nevis,Sheep,2018,431358,KNA
Saint Kitts and Nevis,Hares / rabbits,2018,0,KNA
Saint Kitts and Nevis,Camelidae,2018,0,KNA
Saint Kitts and Nevis,Cervidae,2018,0,KNA
Saint Kitts and Nevis,All,2014,1386523,KNA
Saint Kitts and Nevis,All,2015,1614034,KNA
Saint Kitts and Nevis,All,2016,1432441,KNA
Saint Kitts and Nevis,All,2017,1436881,KNA
Saint Kitts and Nevis,All,2018,1424872,KNA
